0.0,0.0,0.0,0.0,0.0,0.0,0.0,0.0,0.0,0.0,0.0,0.0,0.0,0.0,0.0,0.0,0.0,0.0,0.0,0.0,0.0,0.0,0.0,0.0,0.0,0.0,0.0,0.0,0.0,0.0,0.0,0.0,0.0,0.0,0.0,0.0,0.0,0.0,0.0,0.0,0.0,0.0,0.0,0.0,0.0,0.0,0.0,0.0,0.0,0.0,0.0,0.0,0.0,0.0,0.0,0.0,0.0,0.0,0.0,0.0,0.0,0.0,0.0,0.0,0.0,0.0,0.0,0.0,0.0,0.0,0.0,0.0,0.0,0.0,0.0,0.0,0.0,0.0,0.0
0.0,0.0,0.0,0.0,0.0,0.0,0.0,0.0,0.0,0.0,0.0,0.0,0.0,0.0,0.0,0.0,0.0,0.0,0.0,0.0,0.0,0.0,0.0,0.0,0.0,0.0,0.0,0.0,0.0,0.0,0.0,0.0,0.0,0.0,0.0,0.0,0.0,0.0,0.0,0.0,0.0,0.0,0.0,0.0,0.0,0.0,0.0,0.0,0.0,0.0,0.0,0.0,0.0,0.0,0.0,0.0,0.0,0.0,0.0,,,,,,,,,,,,,,,,,,,,
0.50486052,-0.031465,0.562840104,0.518960893,-0.0137330219,0.54808408,0.520160615,-0.0213427376,0.539303184,0.514453351,-0.0238404423,0.533870876,0.508746386,-0.0246505458,0.560106,0.52469337,-0.0123112788,0.54595536,0.523020864,-0.0201878641,0.537753642,0.516350448,-0.0205478631,0.532766104,0.510399163,-0.0191472843,0.556828678,0.5273633,-0.0116493404,0.546256542,0.526333094,-0.0182015058,0.539391816,0.521208763,-0.0187113583,0.535437822,0.516685,-0.0175105,,,,,,,,,,,,,,,,,,,,,,,,,,,,,,,,,,,,,,,,,
0.426456749,-0.0320505053,0.420558184,0.441117197,-0.0182287823,0.43079558,0.440793902,-0.0242269244,0.439938903,0.439169228,-0.0275320224,0.447111338,0.435603529,-0.0310235173,0.42192933,0.45187971,-0.018365141,0.431794167,0.452196151,-0.0248376951,0.441527635,0.449553728,-0.0280902032,0.449603796,0.445978224,-0.0304965638,0.424516767,0.46264416,-0.018575266,0.435011357,0.463885546,-0.0228039529,0.443114579,0.462642103,-0.0241901651,0.449906647,0.459171742,-0.0260138586,,,,,,,,,,,,,,,,,,,,,,,,,,,,,,,,,,,,,,,,,
0.0,0.0,0.0,0.0,0.0,0.0,0.0,0.0,0.0,0.0,0.0,0.0,0.0,0.0,0.0,0.0,0.0,0.0,0.0,0.0,0.0,0.0,0.0,0.0,0.0,0.0,0.0,0.0,0.0,0.0,0.0,0.0,0.0,0.0,0.0,0.0,0.0,0.0,0.0,0.0,0.0,0.0,0.0,0.0,0.0,0.0,0.0,0.0,0.0,0.0,0.0,0.0,0.0,0.0,0.0,0.0,0.0,0.0,0.0,,,,,,,,,,,,,,,,,,,,
0.516428053,-0.0376249813,0.540093541,0.526580751,-0.0188242644,0.541139,0.530151546,-0.0254746,0.547801435,0.525714099,-0.0273253229,0.554741144,0.521805048,-0.0289566796,0.536501884,0.532669544,-0.0183792487,0.537586808,0.533956,-0.0234450195,0.544012845,0.529483855,-0.0230367482,0.551898181,0.526849508,-0.0230121296,0.533301234,0.535078943,-0.0187363625,0.533127725,0.533687234,-0.0225459598,0.537603199,0.528746128,-0.0223140214,0.543686211,0.525722682,-0.0222069211,,,,,,,,,,,,,,,,,,,,,,,,,,,,,,,,,,,,,,,,,
0.50774616,-0.034053877,0.559601426,0.526487947,-0.0154418303,0.545480967,0.525715947,-0.0224822182,0.536271751,0.521330655,-0.0257301349,0.529696047,0.516169131,-0.0276750214,0.55527252,0.53332597,-0.0140463421,0.542652249,0.532497048,-0.0201982781,0.534598112,0.528748512,-0.0219883248,0.528565407,0.524244606,-0.0225769393,0.550838828,0.536292434,-0.0134487068,0.541918159,0.534576,-0.0183519013,0.535322547,0.530549228,-0.0195614193,0.530120194,0.526126683,-0.0197157972,,,,,,,,,,,,,,,,,,,,,,,,,,,,,,,,,,,,,,,,,
0.506332159,-0.0338800959,0.559777617,0.527880907,-0.0151355406,0.543599665,0.524526656,-0.0229563136,0.535701156,0.517056227,-0.0257147364,0.530784786,0.511110425,-0.0269221049,0.555929661,0.535037398,-0.0139057068,0.540829,0.529616,-0.0209266637,0.53386426,0.522227943,-0.0213360079,0.529758573,0.516193271,-0.0204641148,0.55162853,0.538573325,-0.0135530438,0.540421188,0.532676578,-0.0189570859,0.534561694,0.526091754,-0.0194830392,0.531048596,0.521308661,-0.0187364761,,,,,,,,,,,,,,,,,,,,,,,,,,,,,,,,,,,,,,,,,
0.505960763,-0.0330010839,0.557792187,0.528875232,-0.0138284517,0.543388724,0.525071561,-0.0217090752,0.533957958,0.517399132,-0.0250246264,0.527083635,0.510177612,-0.0264439136,0.553416729,0.536424398,-0.0135547714,0.539222598,0.530041099,-0.0213825796,0.530605733,0.521227598,-0.0221539102,0.525019526,0.513375103,-0.0211121049,0.548722506,0.540533841,-0.0140491575,0.538026154,0.534587801,-0.0200611949,0.531089842,0.527035832,-0.0201892201,0.52656,0.520861864,-0.0188831948,,,,,,,,,,,,,,,,,,,,,,,,,,,,,,,,,,,,,,,,,
0.501176655,-0.0390486382,0.546260595,0.53041178,-0.0201745126,0.53431493,0.515474677,-0.0289060418,0.530341566,0.499165446,-0.0317292362,0.529298902,0.485798657,-0.0331566408,0.538770556,0.532713,-0.0194735806,0.528330803,0.514906406,-0.0280564651,0.526481688,0.497506291,-0.0288755,0.526640773,0.483729184,-0.0282614697,0.53159517,0.530551672,-0.0196206216,0.52454865,0.515245616,-0.0261610877,0.523781121,0.501540124,-0.0263882242,0.524656713,0.490543962,-0.025614731,,,,,,,,,,,,,,,,,,,,,,,,,,,,,,,,,,,,,,,,,
0.496830314,-0.0425272323,0.545100689,0.531559289,-0.0220061764,0.534589529,0.516414821,-0.0306330975,0.531418324,0.500285149,-0.0335271731,0.531704426,0.489108652,-0.0354546122,0.537537932,0.53356,-0.0207010508,0.528673768,0.516433716,-0.0293910205,0.527470469,0.500087082,-0.0306210797,0.529097,0.488430977,-0.0306699742,0.530546308,0.530786812,-0.020245133,0.52397,0.515976191,-0.0271643568,0.524391055,0.501338303,-0.0276500732,0.527189255,0.490436673,-0.0272594765,,,,,,,,,,,,,,,,,,,,,,,,,,,,,,,,,,,,,,,,,
0.504366457,-0.0403552391,0.551706195,0.534797966,-0.0201267637,0.534072578,0.520529389,-0.030772632,0.528371394,0.503824115,-0.0337976776,0.526912868,0.491522938,-0.0348223113,0.544375241,0.539287806,-0.0202294327,0.528071225,0.521979,-0.03050684,0.524587393,0.50285852,-0.0299793128,0.525037885,0.490808278,-0.0279672295,0.537132382,0.539043,-0.0211387742,0.524155855,0.523333848,-0.0287623759,0.522231579,0.507850587,-0.0282059256,0.52377,0.498518944,-0.0264425948,,,,,,,,,,,,,,,,,,,,,,,,,,,,,,,,,,,,,,,,,
0.498542398,-0.0403805636,0.553744495,0.535543323,-0.0185325108,0.530964375,0.519831896,-0.0293843374,0.52586925,0.501299918,-0.0321753956,0.527105093,0.489925057,-0.0330566578,0.548111379,0.541068,-0.0188160725,0.527376354,0.523436606,-0.0287462343,0.523366749,0.505109906,-0.0274622068,0.525180042,0.49445647,-0.0248671267,0.542294562,0.542262852,-0.0199928619,0.525625646,0.528031886,-0.0265026316,0.522568285,0.513391733,-0.025237266,0.524595439,0.50471586,-0.0229258109,,,,,,,,,,,,,,,,,,,,,,,,,,,,,,,,,,,,,,,,,
0.501435697,-0.0429737158,0.547825098,0.534523249,-0.0232737586,0.533308,0.520823538,-0.0329087675,0.528440833,0.501994,-0.0354785249,0.527844608,0.488080323,-0.03668781,0.539880037,0.537604928,-0.0218727645,0.527074218,0.521351278,-0.0313142128,0.524722517,0.501911819,-0.0318452232,0.525564134,0.487429112,-0.0310250651,0.53263396,0.535686791,-0.0213653259,0.523402572,0.522462904,-0.0290387701,0.522167087,0.506724477,-0.0295296498,0.523542941,0.494627237,-0.0287765451,,,,,,,,,,,,,,,,,,,,,,,,,,,,,,,,,,,,,,,,,
0.506751239,-0.0419405252,0.552672625,0.535583258,-0.0208262485,0.533951938,0.523070276,-0.0317505598,0.528420746,0.505946636,-0.0348857231,0.527950346,0.494449824,-0.0360100567,0.545285702,0.540469646,-0.0201182328,0.527757227,0.524443269,-0.0300194416,0.524512,0.506324649,-0.0295529347,0.525648534,0.495254576,-0.0277752634,0.53803432,0.540556252,-0.0203704,0.52450496,0.526552379,-0.0272600632,0.522624135,0.51214534,-0.026793994,0.524422228,0.503776431,-0.0253044404,,,,,,,,,,,,,,,,,,,,,,,,,,,,,,,,,,,,,,,,,
0.0,0.0,0.0,0.0,0.0,0.0,0.0,0.0,0.0,0.0,0.0,0.0,0.0,0.0,0.0,0.0,0.0,0.0,0.0,0.0,0.0,0.0,0.0,0.0,0.0,0.0,0.0,0.0,0.0,0.0,0.0,0.0,0.0,0.0,0.0,0.0,0.0,0.0,0.0,0.0,0.0,0.0,0.0,0.0,0.0,0.0,0.0,0.0,0.0,0.0,0.0,0.0,0.0,0.0,0.0,0.0,0.0,0.0,0.0,0.0,0.0,0.0,0.0,0.0,0.0,0.0,0.0,0.0,0.0,0.0,0.0,0.0,0.0,0.0,0.0,0.0,0.0,0.0,0.0
0.0,0.0,0.0,0.0,0.0,0.0,0.0,0.0,0.0,0.0,0.0,0.0,0.0,0.0,0.0,0.0,0.0,0.0,0.0,0.0,0.0,0.0,0.0,0.0,0.0,0.0,0.0,0.0,0.0,0.0,0.0,0.0,0.0,0.0,0.0,0.0,0.0,0.0,0.0,0.0,0.0,0.0,0.0,0.0,0.0,0.0,0.0,0.0,0.0,0.0,0.0,0.0,0.0,0.0,0.0,0.0,0.0,0.0,0.0,0.0,0.0,0.0,0.0,0.0,0.0,0.0,0.0,0.0,0.0,0.0,0.0,0.0,0.0,0.0,0.0,0.0,0.0,0.0,0.0
0.0,0.0,0.0,0.0,0.0,0.0,0.0,0.0,0.0,0.0,0.0,0.0,0.0,0.0,0.0,0.0,0.0,0.0,0.0,0.0,0.0,0.0,0.0,0.0,0.0,0.0,0.0,0.0,0.0,0.0,0.0,0.0,0.0,0.0,0.0,0.0,0.0,0.0,0.0,0.0,0.0,0.0,0.0,0.0,0.0,0.0,0.0,0.0,0.0,0.0,0.0,0.0,0.0,0.0,0.0,0.0,0.0,0.0,0.0,,,,,,,,,,,,,,,,,,,,
0.0,0.0,0.0,0.0,0.0,0.0,0.0,0.0,0.0,0.0,0.0,0.0,0.0,0.0,0.0,0.0,0.0,0.0,0.0,0.0,0.0,0.0,0.0,0.0,0.0,0.0,0.0,0.0,0.0,0.0,0.0,0.0,0.0,0.0,0.0,0.0,0.0,0.0,0.0,0.0,0.0,0.0,0.0,0.0,0.0,0.0,0.0,0.0,0.0,0.0,0.0,0.0,0.0,0.0,0.0,0.0,0.0,0.0,0.0,,,,,,,,,,,,,,,,,,,,
0.0,0.0,0.0,0.0,0.0,0.0,0.0,0.0,0.0,0.0,0.0,0.0,0.0,0.0,0.0,0.0,0.0,0.0,0.0,0.0,0.0,0.0,0.0,0.0,0.0,0.0,0.0,0.0,0.0,0.0,0.0,0.0,0.0,0.0,0.0,0.0,0.0,0.0,0.0,0.0,0.0,0.0,0.0,0.0,0.0,0.0,0.0,0.0,0.0,0.0,0.0,0.0,0.0,0.0,0.0,0.0,0.0,0.0,0.0,,,,,,,,,,,,,,,,,,,,
0.389965057,-0.0359637812,0.401305914,0.405440778,-0.0246249475,0.420254856,0.410451502,-0.0300168544,0.434996545,0.406515688,-0.0318680815,0.444967836,0.40062505,-0.034146741,0.405001789,0.4196724,-0.0251293667,0.422861516,0.422714,-0.0303387977,0.435693383,0.418424815,-0.0321503505,0.444614083,0.411412984,-0.033608418,0.410153449,0.430798113,-0.0256266538,0.424319625,0.432625294,-0.0292874333,0.433688462,0.430128366,-0.0290950369,0.440559655,0.42431739,-0.0294061229,,,,,,,,,,,,,,,,,,,,,,,,,,,,,,,,,,,,,,,,,
0.0,0.0,0.0,0.0,0.0,0.0,0.0,0.0,0.0,0.0,0.0,0.0,0.0,0.0,0.0,0.0,0.0,0.0,0.0,0.0,0.0,0.0,0.0,0.0,0.0,0.0,0.0,0.0,0.0,0.0,0.0,0.0,0.0,0.0,0.0,0.0,0.0,0.0,0.0,0.0,0.0,0.0,0.0,0.0,0.0,0.0,0.0,0.0,0.0,0.0,0.0,0.0,0.0,0.0,0.0,0.0,0.0,0.0,0.0,0.0,0.0,0.0,0.0,0.0,0.0,0.0,0.0,0.0,0.0,0.0,0.0,0.0,0.0,0.0,0.0,0.0,0.0,0.0,0.0
0.0,0.0,0.0,0.0,0.0,0.0,0.0,0.0,0.0,0.0,0.0,0.0,0.0,0.0,0.0,0.0,0.0,0.0,0.0,0.0,0.0,0.0,0.0,0.0,0.0,0.0,0.0,0.0,0.0,0.0,0.0,0.0,0.0,0.0,0.0,0.0,0.0,0.0,0.0,0.0,0.0,0.0,0.0,0.0,0.0,0.0,0.0,0.0,0.0,0.0,0.0,0.0,0.0,0.0,0.0,0.0,0.0,0.0,0.0,,,,,,,,,,,,,,,,,,,,
0.0,0.0,0.0,0.0,0.0,0.0,0.0,0.0,0.0,0.0,0.0,0.0,0.0,0.0,0.0,0.0,0.0,0.0,0.0,0.0,0.0,0.0,0.0,0.0,0.0,0.0,0.0,0.0,0.0,0.0,0.0,0.0,0.0,0.0,0.0,0.0,0.0,0.0,0.0,0.0,0.0,0.0,0.0,0.0,0.0,0.0,0.0,0.0,0.0,0.0,0.0,0.0,0.0,0.0,0.0,0.0,0.0,0.0,0.0,,,,,,,,,,,,,,,,,,,,
0.485878,-0.0443015844,0.540231705,0.533413231,-0.0197001249,0.527414203,0.520019233,-0.0287339147,0.526083231,0.505108535,-0.0326497145,0.528277218,0.496276677,-0.0355072469,0.535223,0.539891958,-0.0189264491,0.523709774,0.529912591,-0.0267528612,0.5230304,0.516148,-0.0281709097,0.525412083,0.507657647,-0.028765304,0.531975269,0.542665184,-0.0193387643,0.524076164,0.534514487,-0.023531111,0.524161935,0.523487449,-0.0231272988,0.526481628,0.516723633,-0.0229037758,,,,,,,,,,,,,,,,,,,,,,,,,,,,,,,,,,,,,,,,,
0.503148,-0.0368649699,0.548439205,0.530356646,-0.0202261675,0.546989858,0.521558106,-0.0276493169,0.550511122,0.509867191,-0.0297341403,0.553455949,0.506575108,-0.0316117071,0.543039262,0.533412635,-0.0191303175,0.54013896,0.524287462,-0.0263249129,0.541873455,0.513477683,-0.0263741091,0.544840515,0.509508908,-0.026117377,0.53733772,0.534007192,-0.0187823325,0.532821238,0.524971962,-0.0232234672,0.534361541,0.515128374,-0.0220072884,0.537386775,0.510930479,-0.0211325586,,,,,,,,,,,,,,,,,,,,,,,,,,,,,,,,,,,,,,,,,
0.493343711,-0.0412048027,0.547551572,0.530473471,-0.0205791965,0.533895671,0.516645908,-0.0287932437,0.529668093,0.501001954,-0.0320446305,0.529625356,0.490907669,-0.0344922058,0.54110086,0.53339082,-0.0192307234,0.528556526,0.517732,-0.0279117655,0.526129484,0.502186656,-0.030102862,0.527596712,0.491645396,-0.0309268646,0.535484433,0.53240484,-0.0187763479,0.525947571,0.518639624,-0.0256349836,0.525357127,0.504226565,-0.0268254932,0.52783972,0.49406141,-0.0271396972,,,,,,,,,,,,,,,,,,,,,,,,,,,,,,,,,,,,,,,,,
0.502260208,-0.043595314,0.551691771,0.531855,-0.023023257,0.538547039,0.519848228,-0.0322507732,0.533147693,0.505093277,-0.0350502953,0.531038,0.493630499,-0.036718864,0.543094516,0.534819603,-0.0217130501,0.531507611,0.520516396,-0.0300427,0.529160678,0.505532205,-0.0305069759,0.529426277,0.494490504,-0.0300624,0.535309851,0.53349638,-0.021343261,0.527153075,0.520977616,-0.0273863878,0.525911629,0.509009421,-0.0275004879,0.526855052,0.500018179,-0.0269477312,,,,,,,,,,,,,,,,,,,,,,,,,,,,,,,,,,,,,,,,,
0.499382108,-0.0368922427,0.55848664,0.528972805,-0.0191905592,0.542341053,0.518181384,-0.0279622898,0.533810854,0.503426194,-0.0303026866,0.529661357,0.490788311,-0.0311397165,0.551385164,0.536469936,-0.0187696405,0.536783814,0.526065409,-0.0272828769,0.529748261,0.509985,-0.0265331753,0.526582301,0.496741056,-0.0245686173,0.544462681,0.540016651,-0.0192094985,0.532538,0.533025682,-0.0254023317,0.52691561,0.52018249,-0.0242574047,0.52497226,0.509090543,-0.0221561249,,,,,,,,,,,,,,,,,,,,,,,,,,,,,,,,,,,,,,,,,
0.49048537,-0.0431870855,0.558946967,0.526668966,-0.0205552075,0.54354,0.517563403,-0.0292045511,0.53606,0.503734887,-0.0332588106,0.533401191,0.492101759,-0.0360681601,0.552497864,0.533452094,-0.0184348896,0.538502753,0.526155293,-0.0264255982,0.53270334,0.513174951,-0.0289701205,0.53119415,0.501202464,-0.0301302075,0.546793401,0.536471903,-0.0172815677,0.536372781,0.530963719,-0.023257304,0.531923115,0.519474268,-0.0246915091,0.530970275,0.508362293,-0.0253093969,,,,,,,,,,,,,,,,,,,,,,,,,,,,,,,,,,,,,,,,,
0.501086414,-0.0437417515,0.565903664,0.525989532,-0.0221958309,0.552247226,0.524958789,-0.031523481,0.542982221,0.512289,-0.0361951217,0.537704229,0.499602765,-0.039213866,0.55769825,0.530486763,-0.0208416972,0.544416189,0.527822495,-0.0301581249,0.537588179,0.513438,-0.0338291861,0.534739256,0.500027,-0.0354451314,0.550408661,0.531418741,-0.0202082247,0.539888263,0.528931737,-0.0275207274,0.535141587,0.516325831,-0.02957277,0.533972204,0.50389,-0.0303912871,,,,,,,,,,,,,,,,,,,,,,,,,,,,,,,,,,,,,,,,,
0.492926657,-0.0119999256,0.575354815,0.484281749,-0.0215266254,0.578909099,0.48127985,-0.0289994217,0.583390355,0.479549676,-0.0361818485,0.577208638,0.518020391,-0.0228218455,0.565177083,0.513726,-0.0314859748,0.55519104,0.507447839,-0.0359846614,0.547546625,0.500815332,-0.0386959,0.569518387,0.531024337,-0.0211637,0.556267321,0.525714278,-0.0295291413,0.546456039,0.515047491,-0.0324713625,0.539887846,0.50413841,-0.0341223478,0.561811864,0.537192464,-0.0197182298,0.548931181,0.530773044,-0.0280351602,0.541400075,0.518008351,-0.0287731774,0.537003577,0.506290197,-0.0283455681,0.55382967,0.538095593,-0.0191262271,0.543434739,0.532034636,-0.0260774158,0.538176715,0.519987464,-0.0265753511,0.535816431,0.509592772,-0.0259401,,,,,,,,,,,,,,,,,,,,
0.499832302,-0.0426734909,0.571634829,0.526176453,-0.0219034292,0.558432221,0.520217061,-0.0312287435,0.549144328,0.508079469,-0.0357185714,0.542724729,0.495840609,-0.0385025479,0.563657403,0.531910241,-0.0211144388,0.550267875,0.527289808,-0.0300045107,0.54306066,0.514276862,-0.0333766676,0.538383722,0.501887679,-0.0348291621,0.555893958,0.533929467,-0.0210418198,0.546016395,0.531121492,-0.0274937358,0.541321218,0.519893646,-0.0290360861,0.538819551,0.508452356,-0.0296169259,,,,,,,,,,,,,,,,,,,,,,,,,,,,,,,,,,,,,,,,,
0.504858,-0.0391662605,0.574577808,0.521171093,-0.0199311674,0.564077795,0.516881227,-0.0278886221,0.555916429,0.506031573,-0.0324828215,0.549984396,0.494157553,-0.0358325243,0.565585732,0.524748504,-0.0190731231,0.553249717,0.520539641,-0.0266753752,0.545582712,0.508817077,-0.0309916679,0.540171325,0.49723658,-0.0336441062,0.556951344,0.525568247,-0.0188050643,0.548251331,0.523453,-0.0242905691,0.542935848,0.514005423,-0.0264125969,0.539090216,0.503699899,-0.0278599933,,,,,,,,,,,,,,,,,,,,,,,,,,,,,,,,,,,,,,,,,
0.497436106,-0.0472314954,0.575496912,0.516447246,-0.0257009584,0.565236449,0.515291095,-0.0373953655,0.555274665,0.503680348,-0.0426647216,0.548118889,0.491535306,-0.0453113616,0.567435443,0.523284674,-0.0240063816,0.556395769,0.520532131,-0.0356142707,0.548541844,0.506200254,-0.0400272608,0.543575466,0.49314478,-0.04135371,0.560044765,0.527293801,-0.0228696782,0.550751925,0.525929153,-0.0313952118,0.545113087,0.514233112,-0.0337498412,0.541898727,0.50270623,-0.0344012119,,,,,,,,,,,,,,,,,,,,,,,,,,,,,,,,,,,,,,,,,
0.495005548,-0.0405643508,0.577899516,0.517569482,-0.0206006505,0.565967917,0.511621416,-0.0273749419,0.55624187,0.500497162,-0.0304056425,0.549673736,0.488723606,-0.033157032,0.57075417,0.524038255,-0.0185620934,0.557601869,0.518055201,-0.0244849045,0.549541175,0.505737126,-0.026989473,0.544088125,0.494073659,-0.0289275572,0.564183414,0.527587,-0.0172736552,0.554114,0.525036812,-0.0210789591,0.547690809,0.515951216,-0.0222355742,0.543542325,0.50617975,-0.0234620869,,,,,,,,,,,,,,,,,,,,,,,,,,,,,,,,,,,,,,,,,
0.47982046,-0.0146612246,0.587212682,0.471435368,-0.025941873,0.588915169,0.46924594,-0.0355185,0.594459236,0.471331596,-0.0452800021,0.589534104,0.506975293,-0.0268873926,0.585152864,0.509863555,-0.0375874154,0.581278384,0.503414154,-0.0438167229,0.576877,0.495011747,-0.047648143,0.579861581,0.516473234,-0.0247968435,0.569251359,0.511221349,-0.0357206,0.560290635,0.49693042,-0.0412626378,0.553109765,0.482608259,-0.0447350889,0.571055174,0.521097183,-0.0231165793,0.558244,0.516088903,-0.0336957425,0.550288081,0.501701832,-0.0385519564,0.544434845,0.488422573,-0.0410107411,0.562766552,0.522614,-0.0222139843,0.552784085,0.519560814,-0.0298660863,0.547571838,0.50759238,-0.0323986597,0.543940723,0.495211184,-0.03368292,,,,,,,,,,,,,,,,,,,,
0.495665818,-0.00686967047,0.585511327,0.477677882,-0.0148826893,0.589879692,0.467660397,-0.0225824062,0.59590143,0.465400934,-0.0307060517,0.589022636,0.5022071,-0.0180277675,0.588197231,0.503999293,-0.0266832653,0.584345698,0.502885938,-0.0325798914,0.580768049,0.501372159,-0.0358275212,0.583552,0.5150823,-0.0183225926,0.569717169,0.50584805,-0.0245391801,0.558459818,0.493609279,-0.0267443,0.55108726,0.48103255,-0.0287790969,0.575595617,0.524564505,-0.0186727829,0.560680449,0.512938142,-0.0236678459,0.552164257,0.499693215,-0.0249001104,0.54690361,0.487394303,-0.0256549511,0.567293465,0.530536711,-0.019619802,0.555768967,0.523927748,-0.0212624,0.54879874,0.513242781,-0.0203116052,0.544938564,0.502716482,-0.0201416,,,,,,,,,,,,,,,,,,,,
0.493689269,-0.0350032561,0.582563043,0.515500963,-0.0187238753,0.569711149,0.507369578,-0.0248886906,0.559304595,0.496180952,-0.0271053147,0.551965714,0.484292895,-0.0292899795,0.574246228,0.525528967,-0.0191888735,0.560182273,0.51469624,-0.0244168434,0.551740885,0.501311243,-0.0261484087,0.546405673,0.488629907,-0.0273819268,0.565691769,0.532532394,-0.0201841891,0.554817438,0.526563,-0.0223437641,0.548483491,0.515731335,-0.0221290607,0.544865,0.50454092,-0.0225724317,,,,,,,,,,,,,,,,,,,,,,,,,,,,,,,,,,,,,,,,,
0.49796778,-0.0367850959,0.581025958,0.519986331,-0.0180407,0.567760706,0.510929286,-0.0246081538,0.557357907,0.498429686,-0.0276942197,0.550076604,0.485544503,-0.0303682461,0.573798954,0.528764129,-0.0179636702,0.559384048,0.51826632,-0.0233626235,0.550940514,0.504627287,-0.0259161163,0.545449913,0.491820425,-0.0276492685,0.566775739,0.534584403,-0.0185377616,0.555217862,0.529449761,-0.0210252292,0.548243344,0.519079626,-0.02150511,0.544041395,0.508033514,-0.0222804416,,,,,,,,,,,,,,,,,,,,,,,,,,,,,,,,,,,,,,,,,
0.486947715,-0.0132176494,0.585681856,0.478831589,-0.0238947496,0.588989258,0.475875348,-0.0329827927,0.593160331,0.474769801,-0.042241741,0.585406125,0.511457622,-0.0232900642,0.575491428,0.507016361,-0.0333887227,0.566886127,0.500357032,-0.0396775864,0.559742093,0.494095266,-0.0434792154,0.577022195,0.523838878,-0.0216396805,0.563411,0.51844734,-0.0318728797,0.553757787,0.504791558,-0.0363549292,0.54813987,0.491411269,-0.0386385061,0.569772899,0.53117913,-0.0204735547,0.556080759,0.52518791,-0.0308718458,0.548545897,0.509189427,-0.0336160958,0.544462323,0.494788885,-0.0338259973,0.562669694,0.534639,-0.0201152656,0.551985741,0.531404316,-0.0278134886,0.546468675,0.518358171,-0.0289142057,0.544067562,0.505887151,-0.0285376087,,,,,,,,,,,,,,,,,,,,
0.498081893,-0.0368871391,0.579069436,0.525683641,-0.0173600819,0.565792143,0.518402219,-0.0264079385,0.555915236,0.505295694,-0.030052254,0.549855947,0.492724866,-0.0316238143,0.571335673,0.532547832,-0.0170836374,0.558681,0.524029374,-0.0267521497,0.549812734,0.507933736,-0.0271858219,0.544911802,0.494117171,-0.025567269,0.563849807,0.535484731,-0.0175772831,0.553523242,0.531905591,-0.0245411135,0.547034204,0.519398212,-0.0236551929,0.544243872,0.507396758,-0.0215386059,,,,,,,,,,,,,,,,,,,,,,,,,,,,,,,,,,,,,,,,,
0.0,0.0,0.0,0.0,0.0,0.0,0.0,0.0,0.0,0.0,0.0,0.0,0.0,0.0,0.0,0.0,0.0,0.0,0.0,0.0,0.0,0.0,0.0,0.0,0.0,0.0,0.0,0.0,0.0,0.0,0.0,0.0,0.0,0.0,0.0,0.0,0.0,0.0,0.0,0.0,0.0,0.0,0.0,0.0,0.0,0.0,0.0,0.0,0.0,0.0,0.0,0.0,0.0,0.0,0.0,0.0,0.0,0.0,0.0,0.0,0.0,0.0,0.0,0.0,0.0,0.0,0.0,0.0,0.0,0.0,0.0,0.0,0.0,0.0,0.0,0.0,0.0,0.0,0.0
0.0,0.0,0.0,0.0,0.0,0.0,0.0,0.0,0.0,0.0,0.0,0.0,0.0,0.0,0.0,0.0,0.0,0.0,0.0,0.0,0.0,0.0,0.0,0.0,0.0,0.0,0.0,0.0,0.0,0.0,0.0,0.0,0.0,0.0,0.0,0.0,0.0,0.0,0.0,0.0,0.0,0.0,0.0,0.0,0.0,0.0,0.0,0.0,0.0,0.0,0.0,0.0,0.0,0.0,0.0,0.0,0.0,0.0,0.0,0.0,0.0,0.0,0.0,0.0,0.0,0.0,0.0,0.0,0.0,0.0,0.0,0.0,0.0,0.0,0.0,0.0,0.0,0.0,0.0
0.0,0.0,0.0,0.0,0.0,0.0,0.0,0.0,0.0,0.0,0.0,0.0,0.0,0.0,0.0,0.0,0.0,0.0,0.0,0.0,0.0,0.0,0.0,0.0,0.0,0.0,0.0,0.0,0.0,0.0,0.0,0.0,0.0,0.0,0.0,0.0,0.0,0.0,0.0,0.0,0.0,0.0,0.0,0.0,0.0,0.0,0.0,0.0,0.0,0.0,0.0,0.0,0.0,0.0,0.0,0.0,0.0,0.0,0.0,0.0,0.0,0.0,0.0,0.0,0.0,0.0,0.0,0.0,0.0,0.0,0.0,0.0,0.0,0.0,0.0,0.0,0.0,0.0,0.0
0.0,0.0,0.0,0.0,0.0,0.0,0.0,0.0,0.0,0.0,0.0,0.0,0.0,0.0,0.0,0.0,0.0,0.0,0.0,0.0,0.0,0.0,0.0,0.0,0.0,0.0,0.0,0.0,0.0,0.0,0.0,0.0,0.0,0.0,0.0,0.0,0.0,0.0,0.0,0.0,0.0,0.0,0.0,0.0,0.0,0.0,0.0,0.0,0.0,0.0,0.0,0.0,0.0,0.0,0.0,0.0,0.0,0.0,0.0,0.0,0.0,0.0,0.0,0.0,0.0,0.0,0.0,0.0,0.0,0.0,0.0,0.0,0.0,0.0,0.0,0.0,0.0,0.0,0.0
0.0,0.0,0.0,0.0,0.0,0.0,0.0,0.0,0.0,0.0,0.0,0.0,0.0,0.0,0.0,0.0,0.0,0.0,0.0,0.0,0.0,0.0,0.0,0.0,0.0,0.0,0.0,0.0,0.0,0.0,0.0,0.0,0.0,0.0,0.0,0.0,0.0,0.0,0.0,0.0,0.0,0.0,0.0,0.0,0.0,0.0,0.0,0.0,0.0,0.0,0.0,0.0,0.0,0.0,0.0,0.0,0.0,0.0,0.0,0.0,0.0,0.0,0.0,0.0,0.0,0.0,0.0,0.0,0.0,0.0,0.0,0.0,0.0,0.0,0.0,0.0,0.0,0.0,0.0
0.0,0.0,0.0,0.0,0.0,0.0,0.0,0.0,0.0,0.0,0.0,0.0,0.0,0.0,0.0,0.0,0.0,0.0,0.0,0.0,0.0,0.0,0.0,0.0,0.0,0.0,0.0,0.0,0.0,0.0,0.0,0.0,0.0,0.0,0.0,0.0,0.0,0.0,0.0,0.0,0.0,0.0,0.0,0.0,0.0,0.0,0.0,0.0,0.0,0.0,0.0,0.0,0.0,0.0,0.0,0.0,0.0,0.0,0.0,0.0,0.0,0.0,0.0,0.0,0.0,0.0,0.0,0.0,0.0,0.0,0.0,0.0,0.0,0.0,0.0,0.0,0.0,0.0,0.0
0.0,0.0,0.0,0.0,0.0,0.0,0.0,0.0,0.0,0.0,0.0,0.0,0.0,0.0,0.0,0.0,0.0,0.0,0.0,0.0,0.0,0.0,0.0,0.0,0.0,0.0,0.0,0.0,0.0,0.0,0.0,0.0,0.0,0.0,0.0,0.0,0.0,0.0,0.0,0.0,0.0,0.0,0.0,0.0,0.0,0.0,0.0,0.0,0.0,0.0,0.0,0.0,0.0,0.0,0.0,0.0,0.0,0.0,0.0,0.0,0.0,0.0,0.0,0.0,0.0,0.0,0.0,0.0,0.0,0.0,0.0,0.0,0.0,0.0,0.0,0.0,0.0,0.0,0.0
0.502629817,-0.0282398574,0.586694837,0.512679636,-0.0122291707,0.571246624,0.51170373,-0.0205753539,0.561786,0.503931284,-0.0231366158,0.556108236,0.496402293,-0.0235553812,0.583786726,0.518079519,-0.0114769116,0.569826,0.514532268,-0.0200508311,0.561276555,0.506441295,-0.0202093404,0.556322634,0.499271154,-0.0183112044,0.580674827,0.519888699,-0.0113449125,0.571006358,0.519021,-0.0186683927,0.56376785,0.513057113,-0.0188916251,0.559588,0.507230103,-0.0171400756,,,,,,,,,,,,,,,,,,,,,,,,,,,,,,,,,,,,,,,,,
0.0,0.0,0.0,0.0,0.0,0.0,0.0,0.0,0.0,0.0,0.0,0.0,0.0,0.0,0.0,0.0,0.0,0.0,0.0,0.0,0.0,0.0,0.0,0.0,0.0,0.0,0.0,0.0,0.0,0.0,0.0,0.0,0.0,0.0,0.0,0.0,0.0,0.0,0.0,0.0,0.0,0.0,0.0,0.0,0.0,0.0,0.0,0.0,0.0,0.0,0.0,0.0,0.0,0.0,0.0,0.0,0.0,0.0,0.0,,,,,,,,,,,,,,,,,,,,
0.491669923,-0.0341622308,0.581177175,0.522747397,-0.0159308854,0.563581049,0.512135684,-0.0243684407,0.553412139,0.500457,-0.0273527913,0.546880186,0.489954978,-0.0283821113,0.575667083,0.531205058,-0.014846405,0.559390306,0.520089686,-0.0232891,0.551065207,0.508098781,-0.0240024235,0.54544431,0.498062342,-0.0227821451,0.570063591,0.535223782,-0.0146077638,0.558528304,0.52936,-0.0209152102,0.551944077,0.519830585,-0.0209334586,0.547463834,0.512009442,-0.0194301363,,,,,,,,,,,,,,,,,,,,,,,,,,,,,,,,,,,,,,,,,
0.496013314,-0.0237776767,0.58361572,0.508808,-0.0121720079,0.570799053,0.505209,-0.0177827589,0.563501477,0.498334765,-0.0197995249,0.559307635,0.491195917,-0.0205622893,0.579433858,0.511058629,-0.010697417,0.567567468,0.506096363,-0.0163271353,0.561440289,0.499466479,-0.0170231666,0.558251679,0.493172586,-0.0164600983,0.576084077,0.510395467,-0.00986376125,0.567836881,0.509014785,-0.0150890108,0.562422693,0.503472,-0.0154135199,0.559673667,0.49784261,-0.0143601382,,,,,,,,,,,,,,,,,,,,,,,,,,,,,,,,,,,,,,,,,
0.496874154,-0.0273994524,0.58621341,0.512288749,-0.0138743985,0.570445895,0.508075476,-0.020535782,0.562489271,0.50079608,-0.0225675851,0.55818218,0.493903786,-0.0233918093,0.582283437,0.515407383,-0.0127951531,0.567774832,0.509067357,-0.0194859132,0.560839891,0.501340926,-0.0195710268,0.557343304,0.495010763,-0.018544646,0.578909338,0.514891505,-0.0123706488,0.567897737,0.511110306,-0.0183470789,0.561641574,0.504757643,-0.0185091887,0.558462083,0.499509275,-0.0172950216,,,,,,,,,,,,,,,,,,,,,,,,,,,,,,,,,,,,,,,,,
0.0,0.0,0.0,0.0,0.0,0.0,0.0,0.0,0.0,0.0,0.0,0.0,0.0,0.0,0.0,0.0,0.0,0.0,0.0,0.0,0.0,0.0,0.0,0.0,0.0,0.0,0.0,0.0,0.0,0.0,0.0,0.0,0.0,0.0,0.0,0.0,0.0,0.0,0.0,0.0,0.0,0.0,0.0,0.0,0.0,0.0,0.0,0.0,0.0,0.0,0.0,0.0,0.0,0.0,0.0,0.0,0.0,0.0,0.0,,,,,,,,,,,,,,,,,,,,
0.493866503,-0.0411898457,0.577737033,0.520455539,-0.0203719772,0.562351763,0.518707156,-0.0284298249,0.552068353,0.509421945,-0.0322913863,0.545615494,0.500305891,-0.0347475931,0.572102249,0.525777519,-0.0176661275,0.557352543,0.524908364,-0.0246724635,0.549086273,0.51608634,-0.0274078604,0.543926179,0.507387519,-0.0287850183,0.567000031,0.527495742,-0.0158185363,0.555633247,0.526914299,-0.0208676606,0.549147785,0.520331323,-0.0224632099,0.545279086,0.51321584,-0.023231389,,,,,,,,,,,,,,,,,,,,,,,,,,,,,,,,,,,,,,,,,
0.500576854,-0.0327606834,0.576564074,0.5161677,-0.0148956263,0.56323123,0.516777337,-0.0208664462,0.554531157,0.511695,-0.0234914571,0.548654318,0.506269276,-0.0252229106,0.573047101,0.520618796,-0.0125694163,0.561285496,0.522766769,-0.017968012,0.554513,0.518886,-0.0195584614,0.549816787,0.514201343,-0.0202197488,0.570532799,0.521708965,-0.0111579737,0.561436713,0.5244928,-0.0154427392,0.555440903,0.521197915,-0.0163095798,0.551470041,0.516590714,-0.0163796358,,,,,,,,,,,,,,,,,,,,,,,,,,,,,,,,,,,,,,,,,
0.479199588,-0.0109232133,0.58037591,0.479169369,-0.0176702254,0.579848409,0.484473944,-0.022583114,0.580214143,0.492185742,-0.0270472653,0.582303822,0.507586777,-0.0164605472,0.57363236,0.512172341,-0.0231081378,0.564896941,0.508634448,-0.0274069514,0.557939589,0.503484428,-0.03002147,0.577627659,0.514455259,-0.0134938955,0.5652,0.516703,-0.0190568361,0.555940509,0.51189667,-0.0216516275,0.550132155,0.506247759,-0.0234930106,0.573560238,0.516949654,-0.0111486278,0.562249482,0.518821,-0.0163220186,0.554996848,0.514938116,-0.0178497545,0.55082041,0.510078,-0.0185468979,0.570469677,0.516462,-0.00955311861,0.562164485,0.519504845,-0.0141702881,0.556314,0.516562104,-0.0153240059,0.552592158,0.511965692,-0.0154893864,,,,,,,,,,,,,,,,,,,,
0.0,0.0,0.0,0.0,0.0,0.0,0.0,0.0,0.0,0.0,0.0,0.0,0.0,0.0,0.0,0.0,0.0,0.0,0.0,0.0,0.0,0.0,0.0,0.0,0.0,0.0,0.0,0.0,0.0,0.0,0.0,0.0,0.0,0.0,0.0,0.0,0.0,0.0,0.0,0.0,0.0,0.0,0.0,0.0,0.0,0.0,0.0,0.0,0.0,0.0,0.0,0.0,0.0,0.0,0.0,0.0,0.0,0.0,0.0,0.0,0.0,0.0,0.0,0.0,0.0,0.0,0.0,0.0,0.0,0.0,0.0,0.0,0.0,0.0,0.0,0.0,0.0,0.0,0.0
0.503110528,-0.011510428,0.573461592,0.489958704,-0.0211048163,0.576005399,0.480953515,-0.029402893,0.58147341,0.476354659,-0.037978787,0.567108631,0.514646,-0.0212058537,0.554398835,0.513982654,-0.0303864852,0.545981467,0.506771088,-0.0364229977,0.539949834,0.49941805,-0.0400733128,0.565405726,0.524615943,-0.0190633126,0.557857633,0.521927953,-0.0266993549,0.554566,0.513192475,-0.0298177898,0.552096426,0.505819321,-0.0321566686,0.564594567,0.53092289,-0.01741492,0.557653368,0.526743531,-0.0242262948,0.554990292,0.51947546,-0.0254518837,0.553884208,0.513174057,-0.0259290356,0.563591778,0.534215868,-0.016625518,0.55673,0.530807614,-0.0211100578,0.554133117,0.525181,-0.0212746523,0.553204954,0.520388961,-0.0211942624,,,,,,,,,,,,,,,,,,,,
0.501407266,-0.0109037422,0.575162292,0.491406471,-0.0194577966,0.575207353,0.484220743,-0.0265345648,0.578395486,0.481862813,-0.0339178368,0.564311,0.514386952,-0.0191635303,0.551459134,0.514870167,-0.027496418,0.542952538,0.507350087,-0.0332853049,0.536472738,0.499105453,-0.0366375446,0.563579857,0.522681534,-0.0166018922,0.550366223,0.521985352,-0.0237334017,0.540883899,0.514278829,-0.0280220266,0.533771634,0.50519222,-0.0309452787,0.563811779,0.528123558,-0.0143595859,0.551207125,0.52783078,-0.0196057279,0.542393804,0.520764291,-0.0223047882,0.535244763,0.512282491,-0.0240164734,0.565105,0.531405866,-0.0128952451,0.555209816,0.531000435,-0.0160075966,0.547426105,0.526066363,-0.0171473715,0.540990174,0.519731462,-0.0180071071,,,,,,,,,,,,,,,,,,,,
0.518298864,-0.0079439478,0.556914151,0.498593807,-0.0174643416,0.56073916,0.48283571,-0.0263189729,0.56761539,0.469866157,-0.0360310078,0.564221144,0.513174057,-0.021478001,0.566804469,0.506497383,-0.0305795185,0.566803753,0.500673234,-0.0365098529,0.566027522,0.49556002,-0.0403846838,0.566311181,0.522685,-0.0216375,0.567000628,0.515673935,-0.0280905347,0.568721414,0.507143497,-0.0298262797,0.569533467,0.503365278,-0.0321979374,0.566855907,0.530901909,-0.0216727536,0.567430079,0.522940636,-0.0275906939,0.569528818,0.514418423,-0.0266742222,0.571156323,0.510281265,-0.0265526138,0.565823436,0.537745655,-0.022317389,0.565587878,0.531565905,-0.0256365463,0.568289638,0.523611963,-0.0234195348,0.570838332,0.519299865,-0.022484608,,,,,,,,,,,,,,,,,,,,
0.513243139,-0.011036084,0.574049,0.494811952,-0.0217463393,0.577500701,0.481857479,-0.0311342254,0.582555056,0.472921342,-0.0409208909,0.574171066,0.515413523,-0.0258188881,0.573030233,0.510879517,-0.0337457843,0.570511162,0.506165326,-0.0378213823,0.568847477,0.501478434,-0.0406000353,0.566167712,0.523282707,-0.0245532021,0.563827336,0.517228,-0.0316072702,0.564326704,0.506843507,-0.0335527547,0.565376,0.500941336,-0.0357347354,0.557137072,0.528964102,-0.0230585374,0.553415418,0.520584524,-0.0305528566,0.553157926,0.509443,-0.0313548073,0.554293036,0.501184762,-0.0319095887,0.548062384,0.532274,-0.0222126823,0.541872382,0.525098264,-0.0279175974,0.540344238,0.514501452,-0.0277794842,0.540503561,0.506273568,-0.0277437456,,,,,,,,,,,,,,,,,,,,
0.512923777,-0.00677745603,0.553432703,0.50009644,-0.0130566116,0.548734128,0.492138207,-0.0185592901,0.550046802,0.487264633,-0.0246004369,0.562170684,0.517343163,-0.0173803754,0.554606795,0.515499413,-0.0248747077,0.546900809,0.508257568,-0.0297611542,0.541640818,0.499998271,-0.03260874,0.564882576,0.525942445,-0.0169385225,0.557389557,0.524897575,-0.0234954711,0.55243516,0.517076075,-0.0255457237,0.549049914,0.509727895,-0.0272414256,0.565627396,0.532259405,-0.0164512601,0.556835532,0.531384766,-0.0226919465,0.550171375,0.523724258,-0.0231762752,0.545768082,0.515895426,-0.0232838336,0.565455794,0.536219239,-0.016354112,0.557816923,0.535991371,-0.0209458712,0.551819682,0.53031522,-0.0205987319,0.547903895,0.524477065,-0.0202400368,,,,,,,,,,,,,,,,,,,,
0.517329037,-0.0073478017,0.558650792,0.497259498,-0.0152753405,0.560195148,0.485062957,-0.0227165204,0.567037702,0.478066504,-0.0308137983,0.56539762,0.514952958,-0.018570004,0.562304735,0.511172831,-0.0260800142,0.558245957,0.507089734,-0.0310460422,0.555345476,0.502019346,-0.0341658592,0.565005481,0.525412619,-0.0183069427,0.561967075,0.52009666,-0.0243648384,0.562221408,0.512912095,-0.0259439591,0.562566459,0.508175075,-0.0276733451,0.562424898,0.534280181,-0.0179091338,0.558799088,0.527604,-0.023911193,0.558921218,0.519607186,-0.0233407728,0.559877515,0.51336056,-0.0228072405,0.558593154,0.541460097,-0.0180429071,0.553958535,0.536340058,-0.0214392375,0.55351907,0.529100418,-0.0194731317,0.554274797,0.522963405,-0.0182184782,,,,,,,,,,,,,,,,,,,,
0.526092649,-0.00645115413,0.543415844,0.509999335,-0.0133218281,0.540249825,0.498313546,-0.0197883546,0.542182863,0.487614632,-0.0272583198,0.554911673,0.520073891,-0.0190308243,0.551343262,0.513104618,-0.0269489475,0.548010051,0.507205844,-0.0323083736,0.545487881,0.50114733,-0.035786923,0.562474251,0.527003527,-0.0193831678,0.562143087,0.520825207,-0.0258350633,0.56441319,0.514797926,-0.0276058801,0.566166759,0.511473715,-0.0296584386,0.567831695,0.533050597,-0.0194618534,0.568760514,0.526759207,-0.0257010646,0.571329892,0.521234691,-0.0246718545,0.573427498,0.517333865,-0.0240185242,0.571185529,0.537573636,-0.0200333782,0.572418272,0.532854438,-0.0242080931,0.574616969,0.528491199,-0.0223353337,0.576944113,0.525412083,-0.0211282317,,,,,,,,,,,,,,,,,,,,
0.525485158,-0.00678123627,0.541165888,0.508668244,-0.0146686761,0.540163517,0.495332569,-0.0219005942,0.543985546,0.483593851,-0.0302669331,0.554678619,0.518076062,-0.0213830732,0.558647633,0.513371646,-0.0302082803,0.56075871,0.508223057,-0.0360261686,0.562051475,0.502718508,-0.0396642946,0.561427593,0.526468217,-0.0215629321,0.56449759,0.522710502,-0.0279106963,0.567667782,0.516644418,-0.0299064722,0.569549322,0.512578249,-0.0323573612,0.56528312,0.533249915,-0.0213454086,0.568600535,0.52871722,-0.0271391515,0.57208395,0.523999,-0.0269732792,0.574311137,0.520536065,-0.0273149647,0.56690973,0.538281202,-0.0215971936,0.570064843,0.534017384,-0.0252299029,0.574238122,0.529389501,-0.0238433983,0.577196419,0.526127458,-0.0234490447,,,,,,,,,,,,,,,,,,,,
0.526429653,-0.00691327034,0.540671706,0.508358419,-0.0151567087,0.540255368,0.495640546,-0.0229061954,0.542464316,0.484249055,-0.0317210592,0.55257982,0.519266665,-0.0212571528,0.551398158,0.511765361,-0.0299930088,0.551139414,0.506126106,-0.0359180905,0.550737619,0.501789033,-0.0399850644,0.561265528,0.526507,-0.0217489079,0.562025428,0.518739522,-0.0282601546,0.563623667,0.512051225,-0.0304571707,0.564491034,0.508484185,-0.0332602374,0.567362,0.531953812,-0.0219084602,0.568927467,0.523539424,-0.0281908792,0.570247233,0.51731658,-0.0281225331,0.570893764,0.513303638,-0.0286542382,0.570822835,0.535624385,-0.0225422978,0.573150516,0.527454436,-0.0272844527,0.575458,0.520619094,-0.0263236575,0.577276766,0.515687644,-0.0260929875,,,,,,,,,,,,,,,,,,,,
0.52303046,-0.00876553,0.548595488,0.503635466,-0.0175159462,0.551047683,0.489518762,-0.025589006,0.557217717,0.477099806,-0.0345727615,0.553593457,0.519359112,-0.0206835214,0.549022913,0.516356766,-0.028750632,0.54691875,0.511075258,-0.0339724496,0.545246601,0.506005526,-0.037423227,0.558621705,0.528641939,-0.0201371647,0.557260096,0.525117815,-0.0265987683,0.559161603,0.518745959,-0.0288559515,0.56042856,0.514490306,-0.0311488267,0.562450111,0.535990179,-0.019529596,0.562635124,0.531113,-0.0260799509,0.565109193,0.525410175,-0.0266283248,0.566986918,0.521303058,-0.026959883,0.564429581,0.541434109,-0.0194790661,0.56546104,0.536945343,-0.0242523886,0.568299949,0.531707,-0.0235560648,0.571041644,0.528064966,-0.0231505912,,,,,,,,,,,,,,,,,,,,
0.525036752,-0.00810473599,0.541673243,0.506791,-0.0162032731,0.541242719,0.493747085,-0.023618415,0.545125186,0.482373893,-0.0320197456,0.551054716,0.520391345,-0.0210977402,0.549629152,0.516604125,-0.0294421427,0.547717154,0.510991812,-0.0348868594,0.546146333,0.505439043,-0.0383390896,0.557469904,0.528974771,-0.0208358523,0.557884276,0.524896383,-0.0277657174,0.560029507,0.517991185,-0.0299087223,0.561457157,0.513630569,-0.0319740437,0.561752796,0.535998642,-0.020354785,0.563119769,0.53107959,-0.0270828139,0.565448165,0.524830878,-0.0270082522,0.566856,0.520319223,-0.0268053934,0.563886046,0.5414,-0.0204018541,0.565494061,0.537651539,-0.0249298252,0.568378806,0.532594204,-0.0236218348,0.570766687,0.529085338,-0.0227718614,,,,,,,,,,,,,,,,,,,,
0.519994617,-0.00868899655,0.551428854,0.500638366,-0.0175108928,0.553503036,0.487238348,-0.0256429017,0.560020268,0.47779423,-0.0343848802,0.559886634,0.520214677,-0.0197633561,0.560065925,0.518179119,-0.0280896015,0.558262646,0.513978601,-0.0335773155,0.556784272,0.508339584,-0.0371024311,0.559930325,0.529338419,-0.0193638187,0.557718098,0.525564551,-0.0262185466,0.558284342,0.518068731,-0.0284298938,0.558352172,0.513031185,-0.0306604896,0.557570457,0.536757112,-0.0189678781,0.555532217,0.531006396,-0.0259110685,0.556376636,0.523403406,-0.0260977745,0.557385087,0.517959476,-0.0261026751,0.553713262,0.542397797,-0.0191918779,0.551190138,0.538136125,-0.0234622974,0.55207026,0.531502306,-0.0221815929,0.553419471,0.526193857,-0.021560872,,,,,,,,,,,,,,,,,,,,
0.526310086,-0.00654079206,0.538250089,0.509455621,-0.0135646779,0.537844718,0.495804608,-0.0202537253,0.542419612,0.485025436,-0.0278877188,0.54943192,0.521496,-0.018188579,0.54581666,0.515461266,-0.0261227395,0.543230534,0.509505868,-0.0314454138,0.541706145,0.503661275,-0.0347829871,0.555446208,0.529178,-0.0183709674,0.554661214,0.524472117,-0.0249474477,0.557366192,0.51808095,-0.0268842559,0.559849858,0.514254034,-0.0287784319,0.559362054,0.535583377,-0.0183621217,0.559703,0.530134618,-0.0244907197,0.562419772,0.524679065,-0.0240066797,0.564723551,0.521198094,-0.0235496685,0.561376214,0.540232539,-0.0188508034,0.562228739,0.536994159,-0.0227517467,0.564544618,0.53296721,-0.0211913567,0.567000091,0.530405,-0.0202196743,,,,,,,,,,,,,,,,,,,,
0.516599476,-0.00997587666,0.559095919,0.49838537,-0.0195090938,0.563206434,0.486737788,-0.0281422939,0.570073664,0.478506267,-0.0373552479,0.557880104,0.520786703,-0.0207647793,0.551242352,0.516691446,-0.0286326408,0.546600878,0.51041311,-0.0338016041,0.543107152,0.503686368,-0.0373618193,0.555541515,0.530782938,-0.0198262762,0.549102545,0.525866032,-0.0266496725,0.548416853,0.517662704,-0.0290761087,0.548190892,0.511162579,-0.0314122178,0.552676439,0.538837194,-0.0190291237,0.54690814,0.532421172,-0.0256324261,0.546810091,0.524386227,-0.0262623373,0.547639132,0.51783067,-0.0266581234,0.549282312,0.544319391,-0.0189519022,0.544073105,0.539625,-0.023212688,0.544041157,0.5328812,-0.0225820262,0.545124114,0.527153432,-0.0224005,,,,,,,,,,,,,,,,,,,,
0.521026969,-0.00799332652,0.546342671,0.501418173,-0.0166823771,0.54895854,0.487843335,-0.0247675925,0.555128455,0.479528636,-0.0336087309,0.553329,0.518666625,-0.0195426885,0.555089116,0.515520394,-0.0280760862,0.55520004,0.510916591,-0.0339831337,0.555289328,0.505673647,-0.0377777,0.555351079,0.52887392,-0.0194210354,0.555434585,0.525603,-0.0261750557,0.558092773,0.518724859,-0.0285881478,0.559999943,0.51424545,-0.0310014747,0.555486858,0.537526548,-0.0192208569,0.555441082,0.533272922,-0.0255969167,0.55783397,0.526692629,-0.0255006552,0.560093582,0.521907568,-0.0254616663,0.554136097,0.544455886,-0.0195962619,0.553320289,0.54109484,-0.0235027689,0.555830717,0.535108566,-0.0219982862,0.5585199,0.530617535,-0.0212614685,,,,,,,,,,,,,,,,,,,,
0.51847285,-0.00870624,0.55310744,0.499267161,-0.0177952,0.556596518,0.48622328,-0.0261324476,0.563657939,0.478322327,-0.0350026824,0.557480395,0.519651592,-0.0196926743,0.555993855,0.516696692,-0.0276781898,0.554180384,0.511890411,-0.0329086035,0.5530532,0.506146312,-0.0363812409,0.556133091,0.530032277,-0.0192936137,0.552400887,0.525721312,-0.0262560435,0.55299449,0.517816961,-0.0287264921,0.553375185,0.512390137,-0.0310679,0.553282619,0.538876593,-0.0189078562,0.548894525,0.533387542,-0.0255067889,0.548601747,0.525821,-0.0260211844,0.549104154,0.520090699,-0.0263641942,0.549593031,0.545668721,-0.0191138778,0.54509449,0.541271746,-0.0231209137,0.545178473,0.53450644,-0.0221480131,0.546066225,0.529281259,-0.0218207575,,,,,,,,,,,,,,,,,,,,
0.521510839,-0.0080782827,0.551300406,0.501942158,-0.0167278182,0.55357945,0.4901371,-0.0246911291,0.560058177,0.481950909,-0.0330569185,0.55904609,0.519493699,-0.0196208563,0.559405684,0.516234696,-0.0280311592,0.55832392,0.511279404,-0.0335713923,0.558190584,0.50481075,-0.0368932299,0.557291806,0.529567,-0.0192314,0.554393232,0.524185121,-0.0257211272,0.554573178,0.517572582,-0.0277770944,0.554086626,0.512586534,-0.0300190821,0.553496718,0.538358212,-0.018814506,0.548530221,0.532384336,-0.024657134,0.545870185,0.525261164,-0.0247914232,0.544690967,0.519147217,-0.0251348224,0.548848033,0.546122909,-0.0189877171,0.543389201,0.541439354,-0.02197529,0.541734278,0.534998834,-0.0204345938,0.541258335,0.529722571,-0.0199040491,,,,,,,,,,,,,,,,,,,,
0.516485453,-0.0104936259,0.562885404,0.499110848,-0.0201270338,0.566548288,0.488608837,-0.0286622699,0.572609663,0.481985778,-0.0376755744,0.563903689,0.522811353,-0.0211497564,0.563194275,0.521179497,-0.0294173453,0.560942113,0.517881,-0.034993697,0.558821857,0.511794388,-0.038733907,0.556675196,0.531322241,-0.0199104119,0.551907539,0.527315259,-0.0267767869,0.548957169,0.51956141,-0.0298618935,0.54570508,0.512294292,-0.0328175,0.548901856,0.537477732,-0.0188475884,0.542563736,0.531328261,-0.0257098861,0.537830293,0.52398777,-0.0279015545,0.534140527,0.516712606,-0.0295974221,0.541523755,0.541134357,-0.0184512287,0.53498441,0.534587622,-0.0230470877,0.531142831,0.527353406,-0.0235127676,0.528097868,0.520613432,-0.0242623482,,,,,,,,,,,,,,,,,,,,
0.519450724,-0.00869555771,0.554019868,0.501576066,-0.0173868127,0.556181431,0.488699943,-0.0252516568,0.561628819,0.481837273,-0.0336000137,0.559380233,0.52261883,-0.0197582822,0.558092,0.520266473,-0.0278917812,0.555537343,0.515085936,-0.0331575274,0.55389148,0.509276688,-0.0364748277,0.557411849,0.531886935,-0.0191689897,0.553185225,0.528291106,-0.0259434674,0.552913725,0.520301521,-0.0281699486,0.55264473,0.514744639,-0.0302787963,0.553883076,0.539114237,-0.0185889881,0.549056888,0.53404516,-0.0249677468,0.548320591,0.52627486,-0.0251993332,0.548425317,0.520491898,-0.0253162235,0.549565792,0.54397589,-0.0186232757,0.544731319,0.539940774,-0.0223997962,0.544477701,0.533424139,-0.0211899616,0.545039713,0.528155565,-0.0206194855,,,,,,,,,,,,,,,,,,,,
0.517729938,-0.0094426414,0.557822108,0.500143647,-0.0183035415,0.559253395,0.488606393,-0.0262776483,0.564795494,0.48360008,-0.0349384621,0.560824692,0.523031116,-0.0207887776,0.554700613,0.521344602,-0.0288545452,0.547742546,0.515448391,-0.0342924707,0.542188227,0.508058846,-0.0379135385,0.557049334,0.532560647,-0.0200357586,0.547146499,0.528218865,-0.02678659,0.540280342,0.519801319,-0.0296675432,0.53469187,0.511521935,-0.0325131342,0.552246332,0.539732039,-0.0193882938,0.541852415,0.534852684,-0.0259563923,0.534607351,0.526113629,-0.0277245902,0.529309809,0.517122209,-0.0291920137,0.547357082,0.544138312,-0.0193643644,0.539018095,0.540492237,-0.0236799754,0.533427298,0.533786356,-0.0238076206,0.529316902,0.526599,-0.0244105514,,,,,,,,,,,,,,,,,,,,
0.519097865,-0.0392626487,0.558104157,0.534326375,-0.0197935,0.555807471,0.532735169,-0.0278610587,0.55436188,0.5255422,-0.0308430847,0.553167701,0.518876314,-0.0331615508,0.553734,0.541252911,-0.0188679229,0.549009264,0.537347376,-0.0266454387,0.545317709,0.529821515,-0.028012706,0.54294312,0.522234559,-0.0285701249,0.548190176,0.545520186,-0.0185591709,0.542530358,0.540226936,-0.0234559644,0.539319634,0.533137381,-0.0233028941,0.53701973,0.526293695,-0.0232688785,,,,,,,,,,,,,,,,,,,,,,,,,,,,,,,,,,,,,,,,,
0.507479,-0.0368911,0.555395842,0.53352046,-0.0190391317,0.54673481,0.527454555,-0.0254115611,0.540449858,0.518328071,-0.0283401404,0.53537482,0.50997752,-0.0310999807,0.548754,0.539795399,-0.0177846905,0.539607286,0.532441,-0.0244321655,0.533358157,0.523427904,-0.0265149176,0.528891087,0.514717638,-0.0279564187,0.542500615,0.542768478,-0.017260639,0.534423649,0.536035,-0.0219050031,0.529515862,0.528271556,-0.0223892536,0.526121676,0.520785689,-0.0229377039,,,,,,,,,,,,,,,,,,,,,,,,,,,,,,,,,,,,,,,,,
0.517528117,-0.00915914588,0.560774267,0.498559058,-0.0179591198,0.565344572,0.486749083,-0.0258903485,0.572555065,0.4811804,-0.0345069245,0.558277786,0.521836102,-0.0195399318,0.555648208,0.518105268,-0.0267854165,0.551470637,0.514201343,-0.0318734385,0.548066,0.509608388,-0.0353491344,0.555651307,0.53284061,-0.0185727496,0.55462873,0.529771268,-0.0248253513,0.555924296,0.522828937,-0.0273180287,0.556505263,0.517628908,-0.0295711532,0.552546382,0.54139781,-0.017546583,0.551599801,0.537319124,-0.0234009679,0.552803695,0.530584931,-0.0238848552,0.55390811,0.525321543,-0.0241382048,0.549014807,0.547048,-0.0171777457,0.547205687,0.543278873,-0.0206219368,0.547794878,0.537335098,-0.0194752831,0.548622429,0.532595515,-0.0188452471,,,,,,,,,,,,,,,,,,,,
0.516198456,-0.0107206022,0.56730032,0.500154257,-0.0203088708,0.57030654,0.489702672,-0.0287087597,0.57428968,0.485906363,-0.0376615189,0.562561691,0.524742246,-0.0216366872,0.558228374,0.521282613,-0.0290361177,0.552188218,0.516296685,-0.0341384746,0.546700597,0.510306656,-0.0378258452,0.554447174,0.532145917,-0.0203572419,0.546964109,0.526893139,-0.0266953297,0.542208731,0.518443,-0.029770067,0.537941158,0.510623395,-0.0328283086,0.546260953,0.537434518,-0.0192015488,0.537441194,0.531110227,-0.0260106288,0.531287551,0.522002578,-0.0284777954,0.526908159,0.513070941,-0.0304277968,0.539030254,0.539893031,-0.0186833534,0.531389177,0.533737063,-0.0237706229,0.526967824,0.525101304,-0.024564717,0.523833334,0.516960204,-0.0254969336,,,,,,,,,,,,,,,,,,,,
0.0,0.0,0.0,0.0,0.0,0.0,0.0,0.0,0.0,0.0,0.0,0.0,0.0,0.0,0.0,0.0,0.0,0.0,0.0,0.0,0.0,0.0,0.0,0.0,0.0,0.0,0.0,0.0,0.0,0.0,0.0,0.0,0.0,0.0,0.0,0.0,0.0,0.0,0.0,0.0,0.0,0.0,0.0,0.0,0.0,0.0,0.0,0.0,0.0,0.0,0.0,0.0,0.0,0.0,0.0,0.0,0.0,0.0,0.0,,,,,,,,,,,,,,,,,,,,
0.0,0.0,0.0,0.0,0.0,0.0,0.0,0.0,0.0,0.0,0.0,0.0,0.0,0.0,0.0,0.0,0.0,0.0,0.0,0.0,0.0,0.0,0.0,0.0,0.0,0.0,0.0,0.0,0.0,0.0,0.0,0.0,0.0,0.0,0.0,0.0,0.0,0.0,0.0,0.0,0.0,0.0,0.0,0.0,0.0,0.0,0.0,0.0,0.0,0.0,0.0,0.0,0.0,0.0,0.0,0.0,0.0,0.0,0.0,,,,,,,,,,,,,,,,,,,,
0.517492712,-0.0114255529,0.564932704,0.500129402,-0.0218927506,0.568605065,0.489592224,-0.0309908092,0.573902726,0.484110862,-0.0404619798,0.562792182,0.525064409,-0.0233673025,0.560427308,0.521593392,-0.0312242191,0.557174087,0.518001199,-0.0361727364,0.5538432,0.512280464,-0.0397131778,0.554708,0.534397364,-0.0218783505,0.54950273,0.529188514,-0.0292628966,0.547841072,0.520725,-0.0325834975,0.546245515,0.512684,-0.0354972742,0.546251953,0.539993227,-0.0204079971,0.53875041,0.532914817,-0.0281428676,0.534203768,0.524306417,-0.0308472756,0.531502485,0.515025854,-0.0326980874,0.538785815,0.541948318,-0.0195581988,0.531268597,0.531628847,-0.0259731039,0.527378917,0.521562815,-0.0275630597,0.524724126,0.512312531,-0.0286607463,,,,,,,,,,,,,,,,,,,,
0.0,0.0,0.0,0.0,0.0,0.0,0.0,0.0,0.0,0.0,0.0,0.0,0.0,0.0,0.0,0.0,0.0,0.0,0.0,0.0,0.0,0.0,0.0,0.0,0.0,0.0,0.0,0.0,0.0,0.0,0.0,0.0,0.0,0.0,0.0,0.0,0.0,0.0,0.0,0.0,0.0,0.0,0.0,0.0,0.0,0.0,0.0,0.0,0.0,0.0,0.0,0.0,0.0,0.0,0.0,0.0,0.0,0.0,0.0,0.0,0.0,0.0,0.0,0.0,0.0,0.0,0.0,0.0,0.0,0.0,0.0,0.0,0.0,0.0,0.0,0.0,0.0,0.0,0.0
0.0,0.0,0.0,0.0,0.0,0.0,0.0,0.0,0.0,0.0,0.0,0.0,0.0,0.0,0.0,0.0,0.0,0.0,0.0,0.0,0.0,0.0,0.0,0.0,0.0,0.0,0.0,0.0,0.0,0.0,0.0,0.0,0.0,0.0,0.0,0.0,0.0,0.0,0.0,0.0,0.0,0.0,0.0,0.0,0.0,0.0,0.0,0.0,0.0,0.0,0.0,0.0,0.0,0.0,0.0,0.0,0.0,0.0,0.0,0.0,0.0,0.0,0.0,0.0,0.0,0.0,0.0,0.0,0.0,0.0,0.0,0.0,0.0,0.0,0.0,0.0,0.0,0.0,0.0
0.513735831,-0.0261103828,0.566208601,0.524919569,-0.0114171738,0.560004413,0.527392626,-0.0161032863,0.557621777,0.522122562,-0.0179157835,0.556609273,0.515145183,-0.0193280596,0.564143,0.528689086,-0.0108783506,0.559164405,0.530842245,-0.0151229175,0.558440268,0.524286926,-0.0152221257,0.558514416,0.517424107,-0.015109838,0.562087595,0.529352903,-0.0110900328,0.55767113,0.532591045,-0.0140658347,0.556608737,0.527822554,-0.0136871627,0.556704819,0.522424281,-0.0131366337,,,,,,,,,,,,,,,,,,,,,,,,,,,,,,,,,,,,,,,,,
0.0,0.0,0.0,0.0,0.0,0.0,0.0,0.0,0.0,0.0,0.0,0.0,0.0,0.0,0.0,0.0,0.0,0.0,0.0,0.0,0.0,0.0,0.0,0.0,0.0,0.0,0.0,0.0,0.0,0.0,0.0,0.0,0.0,0.0,0.0,0.0,0.0,0.0,0.0,0.0,0.0,0.0,0.0,0.0,0.0,0.0,0.0,0.0,0.0,0.0,0.0,0.0,0.0,0.0,0.0,0.0,0.0,0.0,0.0,,,,,,,,,,,,,,,,,,,,
0.514430344,-0.0350208767,0.5537045,0.536984563,-0.0187299382,0.547526538,0.532678246,-0.0248855129,0.54276073,0.52281791,-0.0279859509,0.539362311,0.513493,-0.0306142122,0.544635892,0.540441036,-0.0179300029,0.537218153,0.533347607,-0.0252408534,0.532122,0.523194969,-0.0285209101,0.528939724,0.513074756,-0.030513294,0.535839677,0.539519,-0.0176949408,0.5282951,0.528341889,-0.0244258437,0.524462402,0.516570091,-0.026513217,0.522528946,0.505629778,-0.0276444685,,,,,,,,,,,,,,,,,,,,,,,,,,,,,,,,,,,,,,,,,
0.518041432,-0.0382013842,0.552985966,0.536737561,-0.0197054595,0.544635296,0.534273207,-0.0267512221,0.5391258,0.525086224,-0.0303331316,0.534950674,0.516193867,-0.0331547298,0.54592669,0.539656341,-0.0175704416,0.536859512,0.535338938,-0.0245774873,0.530955911,0.527185,-0.0276309717,0.527088106,0.518480539,-0.0295639317,0.539933085,0.538722515,-0.016230328,0.531619191,0.533662498,-0.0216415543,0.527313173,0.526028275,-0.0232228953,0.524573,0.518175483,-0.024265347,,,,,,,,,,,,,,,,,,,,,,,,,,,,,,,,,,,,,,,,,
0.0,0.0,0.0,0.0,0.0,0.0,0.0,0.0,0.0,0.0,0.0,0.0,0.0,0.0,0.0,0.0,0.0,0.0,0.0,0.0,0.0,0.0,0.0,0.0,0.0,0.0,0.0,0.0,0.0,0.0,0.0,0.0,0.0,0.0,0.0,0.0,0.0,0.0,0.0,0.0,0.0,0.0,0.0,0.0,0.0,0.0,0.0,0.0,0.0,0.0,0.0,0.0,0.0,0.0,0.0,0.0,0.0,0.0,0.0,0.0,0.0,0.0,0.0,0.0,0.0,0.0,0.0,0.0,0.0,0.0,0.0,0.0,0.0,0.0,0.0,0.0,0.0,0.0,0.0
0.0,0.0,0.0,0.0,0.0,0.0,0.0,0.0,0.0,0.0,0.0,0.0,0.0,0.0,0.0,0.0,0.0,0.0,0.0,0.0,0.0,0.0,0.0,0.0,0.0,0.0,0.0,0.0,0.0,0.0,0.0,0.0,0.0,0.0,0.0,0.0,0.0,0.0,0.0,0.0,0.0,0.0,0.0,0.0,0.0,0.0,0.0,0.0,0.0,0.0,0.0,0.0,0.0,0.0,0.0,0.0,0.0,0.0,0.0,0.0,0.0,0.0,0.0,0.0,0.0,0.0,0.0,0.0,0.0,0.0,0.0,0.0,0.0,0.0,0.0,0.0,0.0,0.0,0.0
0.369354308,-0.0115733566,0.402276486,0.357134879,-0.0218931753,0.400786549,0.344863594,-0.0309581887,0.395688444,0.333777577,-0.0398495384,0.389472038,0.378215283,-0.022568373,0.399798721,0.387720346,-0.0341135859,0.411198616,0.389194459,-0.041426342,0.421242774,0.387642235,-0.0456558652,0.391966403,0.393517494,-0.0213228576,0.403882653,0.400518447,-0.0306269508,0.416011333,0.398896843,-0.0343064107,0.42507574,0.394748718,-0.0371446647,0.396180898,0.405420065,-0.02074489,0.407107681,0.409661144,-0.0283437725,0.416785955,0.408172369,-0.030057326,0.423662275,0.40464139,-0.0311814547,0.401463538,0.413275778,-0.0211063772,0.409284979,0.417599618,-0.0259213112,0.416714281,0.417034298,-0.0264089126,0.4218238,0.415998131,-0.026966691,,,,,,,,,,,,,,,,,,,,
0.0,0.0,0.0,0.0,0.0,0.0,0.0,0.0,0.0,0.0,0.0,0.0,0.0,0.0,0.0,0.0,0.0,0.0,0.0,0.0,0.0,0.0,0.0,0.0,0.0,0.0,0.0,0.0,0.0,0.0,0.0,0.0,0.0,0.0,0.0,0.0,0.0,0.0,0.0,0.0,0.0,0.0,0.0,0.0,0.0,0.0,0.0,0.0,0.0,0.0,0.0,0.0,0.0,0.0,0.0,0.0,0.0,0.0,0.0,0.0,0.0,0.0,0.0,0.0,0.0,0.0,0.0,0.0,0.0,0.0,0.0,0.0,0.0,0.0,0.0,0.0,0.0,0.0,0.0
0.0,0.0,0.0,0.0,0.0,0.0,0.0,0.0,0.0,0.0,0.0,0.0,0.0,0.0,0.0,0.0,0.0,0.0,0.0,0.0,0.0,0.0,0.0,0.0,0.0,0.0,0.0,0.0,0.0,0.0,0.0,0.0,0.0,0.0,0.0,0.0,0.0,0.0,0.0,0.0,0.0,0.0,0.0,0.0,0.0,0.0,0.0,0.0,0.0,0.0,0.0,0.0,0.0,0.0,0.0,0.0,0.0,0.0,0.0,0.0,0.0,0.0,0.0,0.0,0.0,0.0,0.0,0.0,0.0,0.0,0.0,0.0,0.0,0.0,0.0,0.0,0.0,0.0,0.0
0.0,0.0,0.0,0.0,0.0,0.0,0.0,0.0,0.0,0.0,0.0,0.0,0.0,0.0,0.0,0.0,0.0,0.0,0.0,0.0,0.0,0.0,0.0,0.0,0.0,0.0,0.0,0.0,0.0,0.0,0.0,0.0,0.0,0.0,0.0,0.0,0.0,0.0,0.0,0.0,0.0,0.0,0.0,0.0,0.0,0.0,0.0,0.0,0.0,0.0,0.0,0.0,0.0,0.0,0.0,0.0,0.0,0.0,0.0,0.0,0.0,0.0,0.0,0.0,0.0,0.0,0.0,0.0,0.0,0.0,0.0,0.0,0.0,0.0,0.0,0.0,0.0,0.0,0.0
0.0,0.0,0.0,0.0,0.0,0.0,0.0,0.0,0.0,0.0,0.0,0.0,0.0,0.0,0.0,0.0,0.0,0.0,0.0,0.0,0.0,0.0,0.0,0.0,0.0,0.0,0.0,0.0,0.0,0.0,0.0,0.0,0.0,0.0,0.0,0.0,0.0,0.0,0.0,0.0,0.0,0.0,0.0,0.0,0.0,0.0,0.0,0.0,0.0,0.0,0.0,0.0,0.0,0.0,0.0,0.0,0.0,0.0,0.0,0.0,0.0,0.0,0.0,0.0,0.0,0.0,0.0,0.0,0.0,0.0,0.0,0.0,0.0,0.0,0.0,0.0,0.0,0.0,0.0
0.0,0.0,0.0,0.0,0.0,0.0,0.0,0.0,0.0,0.0,0.0,0.0,0.0,0.0,0.0,0.0,0.0,0.0,0.0,0.0,0.0,0.0,0.0,0.0,0.0,0.0,0.0,0.0,0.0,0.0,0.0,0.0,0.0,0.0,0.0,0.0,0.0,0.0,0.0,0.0,0.0,0.0,0.0,0.0,0.0,0.0,0.0,0.0,0.0,0.0,0.0,0.0,0.0,0.0,0.0,0.0,0.0,0.0,0.0,0.0,0.0,0.0,0.0,0.0,0.0,0.0,0.0,0.0,0.0,0.0,0.0,0.0,0.0,0.0,0.0,0.0,0.0,0.0,0.0
0.0,0.0,0.0,0.0,0.0,0.0,0.0,0.0,0.0,0.0,0.0,0.0,0.0,0.0,0.0,0.0,0.0,0.0,0.0,0.0,0.0,0.0,0.0,0.0,0.0,0.0,0.0,0.0,0.0,0.0,0.0,0.0,0.0,0.0,0.0,0.0,0.0,0.0,0.0,0.0,0.0,0.0,0.0,0.0,0.0,0.0,0.0,0.0,0.0,0.0,0.0,0.0,0.0,0.0,0.0,0.0,0.0,0.0,0.0,0.0,0.0,0.0,0.0,0.0,0.0,0.0,0.0,0.0,0.0,0.0,0.0,0.0,0.0,0.0,0.0,0.0,0.0,0.0,0.0
0.0,0.0,0.0,0.0,0.0,0.0,0.0,0.0,0.0,0.0,0.0,0.0,0.0,0.0,0.0,0.0,0.0,0.0,0.0,0.0,0.0,0.0,0.0,0.0,0.0,0.0,0.0,0.0,0.0,0.0,0.0,0.0,0.0,0.0,0.0,0.0,0.0,0.0,0.0,0.0,0.0,0.0,0.0,0.0,0.0,0.0,0.0,0.0,0.0,0.0,0.0,0.0,0.0,0.0,0.0,0.0,0.0,0.0,0.0,0.0,0.0,0.0,0.0,0.0,0.0,0.0,0.0,0.0,0.0,0.0,0.0,0.0,0.0,0.0,0.0,0.0,0.0,0.0,0.0
0.0,0.0,0.0,0.0,0.0,0.0,0.0,0.0,0.0,0.0,0.0,0.0,0.0,0.0,0.0,0.0,0.0,0.0,0.0,0.0,0.0,0.0,0.0,0.0,0.0,0.0,0.0,0.0,0.0,0.0,0.0,0.0,0.0,0.0,0.0,0.0,0.0,0.0,0.0,0.0,0.0,0.0,0.0,0.0,0.0,0.0,0.0,0.0,0.0,0.0,0.0,0.0,0.0,0.0,0.0,0.0,0.0,0.0,0.0,0.0,0.0,0.0,0.0,0.0,0.0,0.0,0.0,0.0,0.0,0.0,0.0,0.0,0.0,0.0,0.0,0.0,0.0,0.0,0.0
0.0,0.0,0.0,0.0,0.0,0.0,0.0,0.0,0.0,0.0,0.0,0.0,0.0,0.0,0.0,0.0,0.0,0.0,0.0,0.0,0.0,0.0,0.0,0.0,0.0,0.0,0.0,0.0,0.0,0.0,0.0,0.0,0.0,0.0,0.0,0.0,0.0,0.0,0.0,0.0,0.0,0.0,0.0,0.0,0.0,0.0,0.0,0.0,0.0,0.0,0.0,0.0,0.0,0.0,0.0,0.0,0.0,0.0,0.0,0.0,0.0,0.0,0.0,0.0,0.0,0.0,0.0,0.0,0.0,0.0,0.0,0.0,0.0,0.0,0.0,0.0,0.0,0.0,0.0
0.0,0.0,0.0,0.0,0.0,0.0,0.0,0.0,0.0,0.0,0.0,0.0,0.0,0.0,0.0,0.0,0.0,0.0,0.0,0.0,0.0,0.0,0.0,0.0,0.0,0.0,0.0,0.0,0.0,0.0,0.0,0.0,0.0,0.0,0.0,0.0,0.0,0.0,0.0,0.0,0.0,0.0,0.0,0.0,0.0,0.0,0.0,0.0,0.0,0.0,0.0,0.0,0.0,0.0,0.0,0.0,0.0,0.0,0.0,0.0,0.0,0.0,0.0,0.0,0.0,0.0,0.0,0.0,0.0,0.0,0.0,0.0,0.0,0.0,0.0,0.0,0.0,0.0,0.0
0.0,0.0,0.0,0.0,0.0,0.0,0.0,0.0,0.0,0.0,0.0,0.0,0.0,0.0,0.0,0.0,0.0,0.0,0.0,0.0,0.0,0.0,0.0,0.0,0.0,0.0,0.0,0.0,0.0,0.0,0.0,0.0,0.0,0.0,0.0,0.0,0.0,0.0,0.0,0.0,0.0,0.0,0.0,0.0,0.0,0.0,0.0,0.0,0.0,0.0,0.0,0.0,0.0,0.0,0.0,0.0,0.0,0.0,0.0,0.0,0.0,0.0,0.0,0.0,0.0,0.0,0.0,0.0,0.0,0.0,0.0,0.0,0.0,0.0,0.0,0.0,0.0,0.0,0.0
0.0,0.0,0.0,0.0,0.0,0.0,0.0,0.0,0.0,0.0,0.0,0.0,0.0,0.0,0.0,0.0,0.0,0.0,0.0,0.0,0.0,0.0,0.0,0.0,0.0,0.0,0.0,0.0,0.0,0.0,0.0,0.0,0.0,0.0,0.0,0.0,0.0,0.0,0.0,0.0,0.0,0.0,0.0,0.0,0.0,0.0,0.0,0.0,0.0,0.0,0.0,0.0,0.0,0.0,0.0,0.0,0.0,0.0,0.0,0.0,0.0,0.0,0.0,0.0,0.0,0.0,0.0,0.0,0.0,0.0,0.0,0.0,0.0,0.0,0.0,0.0,0.0,0.0,0.0
0.0,0.0,0.0,0.0,0.0,0.0,0.0,0.0,0.0,0.0,0.0,0.0,0.0,0.0,0.0,0.0,0.0,0.0,0.0,0.0,0.0,0.0,0.0,0.0,0.0,0.0,0.0,0.0,0.0,0.0,0.0,0.0,0.0,0.0,0.0,0.0,0.0,0.0,0.0,0.0,0.0,0.0,0.0,0.0,0.0,0.0,0.0,0.0,0.0,0.0,0.0,0.0,0.0,0.0,0.0,0.0,0.0,0.0,0.0,0.0,0.0,0.0,0.0,0.0,0.0,0.0,0.0,0.0,0.0,0.0,0.0,0.0,0.0,0.0,0.0,0.0,0.0,0.0,0.0
0.0,0.0,0.0,0.0,0.0,0.0,0.0,0.0,0.0,0.0,0.0,0.0,0.0,0.0,0.0,0.0,0.0,0.0,0.0,0.0,0.0,0.0,0.0,0.0,0.0,0.0,0.0,0.0,0.0,0.0,0.0,0.0,0.0,0.0,0.0,0.0,0.0,0.0,0.0,0.0,0.0,0.0,0.0,0.0,0.0,0.0,0.0,0.0,0.0,0.0,0.0,0.0,0.0,0.0,0.0,0.0,0.0,0.0,0.0,,,,,,,,,,,,,,,,,,,,
0.0,0.0,0.0,0.0,0.0,0.0,0.0,0.0,0.0,0.0,0.0,0.0,0.0,0.0,0.0,0.0,0.0,0.0,0.0,0.0,0.0,0.0,0.0,0.0,0.0,0.0,0.0,0.0,0.0,0.0,0.0,0.0,0.0,0.0,0.0,0.0,0.0,0.0,0.0,0.0,0.0,0.0,0.0,0.0,0.0,0.0,0.0,0.0,0.0,0.0,0.0,0.0,0.0,0.0,0.0,0.0,0.0,0.0,0.0,,,,,,,,,,,,,,,,,,,,
0.0,0.0,0.0,0.0,0.0,0.0,0.0,0.0,0.0,0.0,0.0,0.0,0.0,0.0,0.0,0.0,0.0,0.0,0.0,0.0,0.0,0.0,0.0,0.0,0.0,0.0,0.0,0.0,0.0,0.0,0.0,0.0,0.0,0.0,0.0,0.0,0.0,0.0,0.0,0.0,0.0,0.0,0.0,0.0,0.0,0.0,0.0,0.0,0.0,0.0,0.0,0.0,0.0,0.0,0.0,0.0,0.0,0.0,0.0,,,,,,,,,,,,,,,,,,,,
0.523840487,-0.0329733379,0.567176759,0.532954872,-0.0152631942,0.554021358,0.536648452,-0.0215197466,0.545463145,0.535791218,-0.0245820712,0.539824545,0.533602238,-0.0267914757,0.563418329,0.539615095,-0.0139164068,0.551644385,0.542677104,-0.0197199825,0.544352174,0.541189075,-0.021281058,0.539350867,0.539051712,-0.0220296551,0.559482,0.54249686,-0.0134412274,0.550585508,0.54481411,-0.0184967592,0.543870389,0.54333806,-0.019610025,0.539236665,0.54169625,-0.0197985936,,,,,,,,,,,,,,,,,,,,,,,,,,,,,,,,,,,,,,,,,
0.520532668,-0.0297557786,0.567768931,0.530315816,-0.0136316074,0.557989538,0.530906916,-0.0187831838,0.552887201,0.530071616,-0.0214417037,0.549182951,0.528264523,-0.0236752182,0.562504768,0.53622365,-0.0117357597,0.553571641,0.53576088,-0.0169000439,0.548933864,0.53460592,-0.0182093699,0.545490861,0.532793522,-0.0190772153,0.557435751,0.538237453,-0.0107291713,0.550475,0.537835836,-0.0157325305,0.54600668,0.536447465,-0.0171851013,0.542951643,0.534902334,-0.0178009048,,,,,,,,,,,,,,,,,,,,,,,,,,,,,,,,,,,,,,,,,
0.515342712,-0.0291618984,0.568273544,0.532192707,-0.01515387,0.555221677,0.529186308,-0.0201687142,0.552264929,0.525064647,-0.0212512854,0.552114606,0.523105621,-0.022435138,0.563367605,0.538214803,-0.0132256858,0.551076829,0.533961594,-0.0185546391,0.548110962,0.528984129,-0.0181746446,0.547672689,0.526546121,-0.017811,0.558487773,0.540977955,-0.0121943876,0.548574448,0.536654294,-0.0171683,0.545030534,0.532527506,-0.0177600402,0.544433355,0.530570745,-0.0176534764,,,,,,,,,,,,,,,,,,,,,,,,,,,,,,,,,,,,,,,,,
0.505704522,-0.0131335687,0.567608058,0.498942494,-0.0229427461,0.569115639,0.495996505,-0.0309324339,0.568469405,0.497274607,-0.038896814,0.567665815,0.531288207,-0.0212246832,0.558321834,0.535384238,-0.0296660569,0.549210727,0.531647325,-0.0355207957,0.541186869,0.526522815,-0.0394766256,0.56035924,0.539942682,-0.0187394451,0.547912657,0.542080522,-0.0266167969,0.537205219,0.537747443,-0.0314393304,0.528892696,0.532372236,-0.0349107608,0.554285288,0.543750405,-0.0168251842,0.542456686,0.545505404,-0.0239351615,0.533216596,0.541141868,-0.0273982231,0.526160598,0.535769105,-0.0294949804,0.54904449,0.543401718,-0.0157595649,0.540045738,0.545607805,-0.0215599239,0.532389641,0.542164266,-0.0236873794,0.526348889,0.537329197,-0.024840964,,,,,,,,,,,,,,,,,,,,
0.525293052,-0.046061378,0.554434896,0.539675653,-0.0242584758,0.547813296,0.539966822,-0.0327769332,0.539988935,0.534154177,-0.0376690552,0.532798529,0.526861,-0.0417147912,0.547220528,0.543297,-0.022263065,0.538893104,0.53927052,-0.0304070152,0.53038013,0.532250226,-0.0348353758,0.523477793,0.524249375,-0.0380141586,0.541122437,0.543147385,-0.0209560879,0.533630908,0.537819922,-0.0270441398,0.527128518,0.531686425,-0.0295263026,0.521676898,0.52509,-0.0316069238,,,,,,,,,,,,,,,,,,,,,,,,,,,,,,,,,,,,,,,,,
0.523673773,-0.0377397165,0.556663394,0.541716158,-0.0188519731,0.544908404,0.539725304,-0.0267538875,0.535939455,0.53332454,-0.0307214502,0.52912426,0.526477218,-0.0334841907,0.549986064,0.545977116,-0.0176111311,0.53844887,0.542907536,-0.0249315314,0.530754507,0.535861254,-0.027667338,0.525232792,0.528524101,-0.0290578082,0.544204772,0.54556638,-0.0171141978,0.534950376,0.542927742,-0.0234908145,0.528459668,0.536988676,-0.0256519802,0.52358824,0.530326,-0.0265906435,,,,,,,,,,,,,,,,,,,,,,,,,,,,,,,,,,,,,,,,,
0.521253109,-0.0372248851,0.554481566,0.538440645,-0.0187728778,0.556780756,0.539256275,-0.0251648184,0.559182525,0.534754694,-0.0277253054,0.560821,0.531230688,-0.0300304014,0.556607723,0.545378268,-0.0178672373,0.558690488,0.543878496,-0.0236404035,0.561711431,0.539798319,-0.0240231082,0.563947797,0.536869168,-0.0243082326,0.557274103,0.549878776,-0.0175919868,0.558408499,0.547555387,-0.0214151833,0.561403692,0.543597758,-0.0205764305,0.563899219,0.540590763,-0.020117864,,,,,,,,,,,,,,,,,,,,,,,,,,,,,,,,,,,,,,,,,
0.520129383,-0.0392221846,0.554439783,0.540227473,-0.0199355539,0.556636274,0.539879262,-0.0266213417,0.559147477,0.532892466,-0.0290158801,0.560683906,0.528007567,-0.0311724916,0.554895341,0.548385561,-0.0186317228,0.556927383,0.545420945,-0.0248164441,0.559152782,0.538950682,-0.025014041,0.560688496,0.534073055,-0.0250508245,0.553949296,0.553237915,-0.0180561896,0.554524899,0.549562752,-0.0220512785,0.557089329,0.543531418,-0.0209149,0.559212387,0.538771,-0.0201643258,,,,,,,,,,,,,,,,,,,,,,,,,,,,,,,,,,,,,,,,,
0.520028,-0.0423372574,0.554935694,0.539958477,-0.0223910864,0.54691267,0.538961232,-0.0297100563,0.540616632,0.531865776,-0.0327962,0.535447955,0.525096774,-0.0357317775,0.549772,0.546548903,-0.020573996,0.541202843,0.542936444,-0.0280444492,0.53456074,0.535342038,-0.030479053,0.529612064,0.528160572,-0.0322770737,0.544594824,0.549303532,-0.019536,0.537006497,0.545067847,-0.025092002,0.532093763,0.538118124,-0.0261512566,0.528398693,0.531559348,-0.0271666162,,,,,,,,,,,,,,,,,,,,,,,,,,,,,,,,,,,,,,,,,
0.527506351,-0.0439684615,0.554551482,0.537509143,-0.0220880695,0.54637295,0.540573418,-0.0303636361,0.53921783,0.533691168,-0.0347371362,0.533087134,0.524684668,-0.0381455906,0.546483278,0.540793777,-0.0187913086,0.536635101,0.539527237,-0.0271864887,0.52882266,0.5315997,-0.0315969922,0.522954881,0.52238518,-0.0345149897,0.540268362,0.539425552,-0.016288776,0.531207085,0.534886122,-0.0233003255,0.524902284,0.527587712,-0.0265234169,0.519746721,0.519618154,-0.0286928676,,,,,,,,,,,,,,,,,,,,,,,,,,,,,,,,,,,,,,,,,
0.525004327,-0.0408366062,0.552153707,0.537730277,-0.0219770689,0.543515563,0.536365867,-0.0289818253,0.535719454,0.530514181,-0.0331764743,0.529163659,0.523818552,-0.0369490944,0.54452008,0.541249,-0.0200313311,0.535227478,0.536632,-0.0273607448,0.527648628,0.529704511,-0.0316464901,0.521951854,0.52201885,-0.0348979086,0.538314939,0.53993082,-0.0187828597,0.529972553,0.532903612,-0.0256695505,0.524152458,0.524854124,-0.0288932491,0.519991755,0.516468704,-0.0312578417,,,,,,,,,,,,,,,,,,,,,,,,,,,,,,,,,,,,,,,,,
0.530966938,-0.0455106869,0.556163847,0.535118163,-0.022716919,0.544424,0.542998552,-0.0314309932,0.534087658,0.538206577,-0.0364842936,0.526203752,0.528350711,-0.040180549,0.549019158,0.537247121,-0.019255301,0.536111414,0.539750576,-0.0273429472,0.527132273,0.532510817,-0.0325916521,0.520855,0.522649407,-0.0360744111,0.543459356,0.534692466,-0.0165194552,0.53273946,0.532114804,-0.023350317,0.52564162,0.525059819,-0.0273089893,0.520474792,0.516368687,-0.0299419612,,,,,,,,,,,,,,,,,,,,,,,,,,,,,,,,,,,,,,,,,
0.523929119,-0.0396666192,0.551224947,0.536894441,-0.021764623,0.541569471,0.535542,-0.0284981281,0.533722818,0.529023945,-0.0323506147,0.527675629,0.521602631,-0.0359039046,0.544425,0.539431691,-0.0188343972,0.534487128,0.53450048,-0.0258018691,0.527179837,0.527356803,-0.0299326479,0.521876633,0.519361734,-0.0331869163,0.539336443,0.537272573,-0.0166316945,0.530302,0.530195773,-0.0234197,0.524416327,0.522245705,-0.0268624015,0.520202577,0.513640046,-0.0293425247,,,,,,,,,,,,,,,,,,,,,,,,,,,,,,,,,,,,,,,,,
0.524488628,-0.0352332965,0.551315725,0.53033042,-0.0173222553,0.542438865,0.533035,-0.0241449252,0.534888566,0.530010402,-0.0281786602,0.528128803,0.525424123,-0.0313284,0.546533823,0.530926,-0.0156706385,0.537054718,0.531902552,-0.0218822248,0.529955208,0.528863728,-0.0253524408,0.523978472,0.524482369,-0.0277545694,0.543401837,0.528393328,-0.0147158904,0.534915209,0.527927876,-0.0200236794,0.528953791,0.524646342,-0.022572197,0.523875058,0.520373702,-0.024307197,,,,,,,,,,,,,,,,,,,,,,,,,,,,,,,,,,,,,,,,,
0.528711855,-0.031320665,0.552620113,0.52714926,-0.0142030083,0.545972884,0.531459928,-0.0198158026,0.53948915,0.532052815,-0.0235596076,0.53328234,0.531401277,-0.0266169813,0.548505664,0.527249694,-0.0121176969,0.541528344,0.5295434,-0.0170967598,0.535223961,0.529435396,-0.0199205428,0.52933836,0.528570235,-0.0220111031,0.545754373,0.52505821,-0.0108026965,0.539572716,0.526679218,-0.0149217611,0.53464663,0.526636,-0.0168092046,0.530049324,0.52586931,-0.0181295779,,,,,,,,,,,,,,,,,,,,,,,,,,,,,,,,,,,,,,,,,
0.0,0.0,0.0,0.0,0.0,0.0,0.0,0.0,0.0,0.0,0.0,0.0,0.0,0.0,0.0,0.0,0.0,0.0,0.0,0.0,0.0,0.0,0.0,0.0,0.0,0.0,0.0,0.0,0.0,0.0,0.0,0.0,0.0,0.0,0.0,0.0,0.0,0.0,0.0,0.0,0.0,0.0,0.0,0.0,0.0,0.0,0.0,0.0,0.0,0.0,0.0,0.0,0.0,0.0,0.0,0.0,0.0,0.0,0.0,,,,,,,,,,,,,,,,,,,,
0.529010355,-0.0444475338,0.552869797,0.540176272,-0.0221512914,0.543593884,0.544870436,-0.0311463103,0.535146177,0.536627889,-0.0369633213,0.528302312,0.526278198,-0.0411273,0.54333961,0.543905616,-0.0198368747,0.533977687,0.543960333,-0.029170204,0.526471674,0.533398688,-0.0344911851,0.521317,0.522100806,-0.0377381667,0.535125375,0.54220885,-0.0182624776,0.527145743,0.538159192,-0.0268199407,0.521887124,0.526822209,-0.0306209624,0.5184744,0.515103817,-0.0327778943,,,,,,,,,,,,,,,,,,,,,,,,,,,,,,,,,,,,,,,,,
0.525805891,-0.0370566696,0.554619074,0.541757524,-0.0187761374,0.543471217,0.543055832,-0.0269136298,0.534526348,0.535313368,-0.0317466,0.528035641,0.527288139,-0.0349849313,0.547333,0.546686769,-0.0174999218,0.536071241,0.546504855,-0.0258765649,0.527242243,0.53754127,-0.0297982078,0.52135855,0.528263748,-0.0317582861,0.540994406,0.546817362,-0.0169122294,0.532041609,0.546833873,-0.0244625155,0.52555269,0.538443625,-0.0271017738,0.52161783,0.529447913,-0.0282258615,,,,,,,,,,,,,,,,,,,,,,,,,,,,,,,,,,,,,,,,,
0.525543451,-0.0418876708,0.557399809,0.541466832,-0.0205769539,0.544124067,0.540589035,-0.0302666314,0.53464,0.533605397,-0.0353098139,0.527470529,0.526295185,-0.0384492539,0.550602853,0.547210515,-0.0190026686,0.538112521,0.544833601,-0.0280389693,0.529575825,0.537398756,-0.0314160399,0.52347821,0.52942425,-0.0328614749,0.544756591,0.548620164,-0.0182739254,0.535069942,0.546924353,-0.0258825161,0.52819854,0.540278196,-0.028327914,0.523366928,0.532981217,-0.02920557,,,,,,,,,,,,,,,,,,,,,,,,,,,,,,,,,,,,,,,,,
0.525382578,-0.0370965675,0.558489621,0.537984431,-0.0175057743,0.546158254,0.537970424,-0.0252961759,0.536586344,0.53510344,-0.0297094211,0.52891463,0.529655099,-0.0328147113,0.552864432,0.542559803,-0.0160042774,0.541333795,0.542274117,-0.0231120735,0.532840252,0.538973153,-0.0262291525,0.525954127,0.533907,-0.0279620662,0.5480178,0.543013453,-0.0153707182,0.538963079,0.542914271,-0.0216704197,0.531573,0.539784908,-0.0240764692,0.52529186,0.535285413,-0.0252020564,,,,,,,,,,,,,,,,,,,,,,,,,,,,,,,,,,,,,,,,,
0.526737392,-0.0290595368,0.561435461,0.533846557,-0.0139656393,0.552894294,0.534532189,-0.0184545219,0.548486114,0.534324527,-0.020976657,0.545114696,0.531671166,-0.0232060403,0.556093156,0.536111474,-0.0117103877,0.548422,0.536350846,-0.0154398084,0.544939578,0.535534501,-0.0167490467,0.54211086,0.532812297,-0.017841,0.551325798,0.534789383,-0.0102740815,0.545479953,0.535117447,-0.0137694245,0.54223454,0.534936488,-0.0149492258,0.539739728,0.533749759,-0.0155531205,,,,,,,,,,,,,,,,,,,,,,,,,,,,,,,,,,,,,,,,,
0.528277278,-0.038479872,0.551325381,0.541423619,-0.0208446104,0.542991757,0.541364729,-0.0271966495,0.53641814,0.534413218,-0.0310361,0.531160831,0.526559234,-0.0344628058,0.542267621,0.544216,-0.0188123602,0.533620536,0.540064633,-0.0261059161,0.527169,0.531085789,-0.030429462,0.522805572,0.521781385,-0.0335699953,0.534693301,0.542007685,-0.0173869263,0.526918709,0.533465803,-0.0245066453,0.522429943,0.522862732,-0.0276058465,0.519746184,0.512359142,-0.0296848621,,,,,,,,,,,,,,,,,,,,,,,,,,,,,,,,,,,,,,,,,
0.527335763,-0.0391240232,0.555580676,0.545035899,-0.0206281804,0.543604791,0.53976512,-0.0295264,0.535146713,0.531441689,-0.0342175439,0.529183149,0.523125768,-0.0373409539,0.547731578,0.549792,-0.0197665207,0.536054432,0.542751551,-0.0291801319,0.52842,0.532626033,-0.032538984,0.523771167,0.523439705,-0.0341106914,0.540754318,0.549044192,-0.019608289,0.530510664,0.541033208,-0.0284435079,0.524157345,0.530244529,-0.0310392119,0.52072531,0.520874798,-0.0319956504,,,,,,,,,,,,,,,,,,,,,,,,,,,,,,,,,,,,,,,,,
0.530323625,-0.0452903584,0.552140653,0.541024566,-0.0226377212,0.542766094,0.544795752,-0.0315526389,0.534565926,0.537136734,-0.0374744199,0.528153896,0.527064383,-0.0417675823,0.54328239,0.54350543,-0.0201798212,0.533733,0.542808294,-0.0290830117,0.526702404,0.532974601,-0.0347717181,0.521963418,0.522134781,-0.0384037197,0.536152661,0.541056514,-0.0184810106,0.52792424,0.536575675,-0.026601715,0.522980452,0.525781155,-0.0305862855,0.520091712,0.514084518,-0.0330060124,,,,,,,,,,,,,,,,,,,,,,,,,,,,,,,,,,,,,,,,,
0.528788447,-0.0417882502,0.552955151,0.543882549,-0.0220510866,0.543966,0.543592274,-0.0302986447,0.536573648,0.537034392,-0.0351765752,0.530713379,0.53040576,-0.038996134,0.545330107,0.547286749,-0.0208263714,0.535353661,0.544787288,-0.0292246751,0.52810204,0.53699106,-0.0337829515,0.523012698,0.528880119,-0.0368012749,0.539029479,0.54556632,-0.0202805642,0.530231833,0.540935,-0.0282920282,0.524459541,0.53212136,-0.0318505391,0.520713508,0.523335,-0.0340597257,,,,,,,,,,,,,,,,,,,,,,,,,,,,,,,,,,,,,,,,,
0.52644527,-0.0393351614,0.5562433,0.544281602,-0.0213415343,0.54404074,0.542190969,-0.0297035761,0.535241246,0.534817219,-0.0340104401,0.529168308,0.5270769,-0.0370055027,0.549679637,0.548894823,-0.02009774,0.537518203,0.545433104,-0.0282547753,0.529080331,0.536914468,-0.0314522758,0.523715079,0.528397799,-0.0331132151,0.543996,0.54917866,-0.0195516832,0.534385741,0.545588434,-0.0268585775,0.527869046,0.537281454,-0.0291327033,0.523723364,0.529063582,-0.0301117934,,,,,,,,,,,,,,,,,,,,,,,,,,,,,,,,,,,,,,,,,
0.530583203,-0.0446544029,0.55186516,0.540957093,-0.022369558,0.543072343,0.544514537,-0.0309051909,0.534874618,0.537824392,-0.0365484059,0.5282318,0.528539,-0.0408037901,0.542734683,0.542872727,-0.0201636292,0.533528388,0.542735755,-0.0286884531,0.526687801,0.533953488,-0.0340338089,0.521891713,0.523880839,-0.0376010127,0.535419583,0.539820671,-0.0187172107,0.527703702,0.535654247,-0.0266125984,0.522988081,0.52560842,-0.0303842891,0.519885957,0.514471,-0.0327248834,,,,,,,,,,,,,,,,,,,,,,,,,,,,,,,,,,,,,,,,,
0.527171791,-0.0408206284,0.554266274,0.544443488,-0.0213877261,0.543888152,0.542695284,-0.0296206884,0.535935104,0.535954416,-0.0339758955,0.529428363,0.529478371,-0.037267454,0.546870887,0.547802687,-0.0204513986,0.535909951,0.54444927,-0.0284600966,0.528483689,0.536348701,-0.031952098,0.523003757,0.528788269,-0.0341140404,0.540432215,0.546263278,-0.0202260427,0.531525671,0.541639864,-0.0275360141,0.525717199,0.533158123,-0.0301944818,0.521622956,0.525202632,-0.0316361524,,,,,,,,,,,,,,,,,,,,,,,,,,,,,,,,,,,,,,,,,
0.52723068,-0.0412733704,0.560644567,0.545958459,-0.020954188,0.544445336,0.541735947,-0.0301418174,0.534473,0.534220278,-0.0341685489,0.527175128,0.526891291,-0.0365908369,0.553064167,0.552366078,-0.0194682088,0.537187457,0.546441734,-0.0279405024,0.528780818,0.537251234,-0.0299876612,0.523267508,0.528842747,-0.0305651147,0.545613348,0.553766847,-0.0188437626,0.533664465,0.548904181,-0.025833698,0.527321935,0.54020083,-0.0272775553,0.523185909,0.532518089,-0.0273831263,,,,,,,,,,,,,,,,,,,,,,,,,,,,,,,,,,,,,,,,,
0.530479193,-0.0473544821,0.552177072,0.538580835,-0.0234876685,0.542380273,0.542385817,-0.0330609977,0.534366667,0.535224319,-0.0393300578,0.527617753,0.526029408,-0.04394513,0.543752193,0.540787041,-0.0210740641,0.533583343,0.541216791,-0.03027156,0.526116967,0.532741,-0.0361690857,0.520801842,0.522929668,-0.0400334783,0.536986887,0.538371682,-0.0193826072,0.528333,0.535547,-0.0273969769,0.522668421,0.526569426,-0.0315761231,0.518842757,0.516320765,-0.0342835374,,,,,,,,,,,,,,,,,,,,,,,,,,,,,,,,,,,,,,,,,
0.526807487,-0.0427683666,0.554763138,0.542974651,-0.0233006272,0.54400444,0.541503787,-0.0317252129,0.535080671,0.534913838,-0.0360398889,0.527876377,0.528674603,-0.0394806489,0.547900617,0.546118081,-0.0210753195,0.536727965,0.543446422,-0.0291885566,0.528377235,0.535832703,-0.0329403691,0.522340477,0.5282076,-0.0354614668,0.542191,0.544244468,-0.0195879396,0.532937527,0.54196465,-0.0271171723,0.526268542,0.534654915,-0.0302804634,0.521552861,0.527179778,-0.0321864709,,,,,,,,,,,,,,,,,,,,,,,,,,,,,,,,,,,,,,,,,
0.527293,-0.0440745279,0.561303616,0.542315543,-0.022090584,0.546908438,0.540032804,-0.0316519,0.536863625,0.534717143,-0.0360855348,0.529129505,0.528615952,-0.0390759036,0.554872215,0.546517432,-0.0201367661,0.541042387,0.542801917,-0.0288578942,0.532218337,0.536630094,-0.0317111611,0.52601409,0.530087113,-0.0330988951,0.54909873,0.54589355,-0.0190563723,0.538289,0.543376803,-0.0265622176,0.530857384,0.53794992,-0.0290270541,0.52560097,0.532032371,-0.0300177168,,,,,,,,,,,,,,,,,,,,,,,,,,,,,,,,,,,,,,,,,
0.527996242,-0.0473552868,0.55169636,0.538606644,-0.0240666792,0.545153856,0.540920317,-0.0327295028,0.538959503,0.535482824,-0.0383472368,0.532796621,0.528486967,-0.0431150943,0.542632878,0.540080309,-0.0218750928,0.534336388,0.538341641,-0.0307080206,0.527215,0.531413376,-0.0363986678,0.521604419,0.523540795,-0.0406148,0.535037816,0.537033916,-0.0203543045,0.527291894,0.532788575,-0.027980281,0.521923184,0.524710894,-0.0318544954,0.517789066,0.515997589,-0.034784507,,,,,,,,,,,,,,,,,,,,,,,,,,,,,,,,,,,,,,,,,
0.529033482,-0.0386317037,0.553190529,0.539609253,-0.0210567191,0.546613455,0.539924204,-0.0283737257,0.540099144,0.535332143,-0.0322109424,0.534707069,0.529987,-0.0354196131,0.54570955,0.540738225,-0.0199909639,0.538029253,0.538803101,-0.0271312911,0.531343102,0.533337057,-0.0304152947,0.526367,0.52744925,-0.0327681378,0.539459527,0.537561178,-0.0195744634,0.532375216,0.534986377,-0.0262267981,0.526764333,0.529944658,-0.0289782658,0.52250284,0.524374187,-0.0307732821,,,,,,,,,,,,,,,,,,,,,,,,,,,,,,,,,,,,,,,,,
0.531750262,-0.0496872365,0.552772939,0.538517177,-0.0243291017,0.544162691,0.543011487,-0.0337954387,0.536168277,0.537318647,-0.0397337861,0.528963625,0.529033661,-0.0443547629,0.544160962,0.540313363,-0.0212599859,0.534251869,0.540502071,-0.0305898916,0.526540399,0.532953322,-0.0365062132,0.520710945,0.524041235,-0.0405471064,0.536953032,0.537622869,-0.0189893283,0.528241396,0.534708202,-0.0269238614,0.522359788,0.526495516,-0.0311794356,0.518108189,0.517255485,-0.0341167152,,,,,,,,,,,,,,,,,,,,,,,,,,,,,,,,,,,,,,,,,
0.527878642,-0.0393847451,0.553725958,0.540492892,-0.0202277936,0.544783115,0.540508091,-0.0274441876,0.536210954,0.53606534,-0.0316855088,0.528896332,0.530489,-0.0352293812,0.547032356,0.541622102,-0.0186001118,0.537487507,0.540559888,-0.0255688783,0.529313147,0.535128117,-0.0291033573,0.522862434,0.528925896,-0.0316624343,0.541649282,0.538278818,-0.0176617,0.53349185,0.536797047,-0.0242151693,0.526893735,0.531442523,-0.026969824,0.521630824,0.525221765,-0.0287107918,,,,,,,,,,,,,,,,,,,,,,,,,,,,,,,,,,,,,,,,,
0.533046186,-0.0501364507,0.552894473,0.537564397,-0.0245071482,0.545290887,0.542639732,-0.0341733322,0.538303375,0.537177861,-0.0402793959,0.531572163,0.529087961,-0.0449781418,0.544137895,0.538874626,-0.0211396106,0.534643292,0.53854239,-0.030598,0.527274251,0.531439066,-0.0367630757,0.5216,0.522700548,-0.0409810618,0.53686,0.535966218,-0.0185859,0.528315067,0.532577693,-0.0265047383,0.52267772,0.524891794,-0.0309035033,0.518501699,0.516018093,-0.0339919291,,,,,,,,,,,,,,,,,,,,,,,,,,,,,,,,,,,,,,,,,
0.526490808,-0.037587557,0.552064359,0.536821783,-0.0187385157,0.544193447,0.537629366,-0.0257825218,0.536720514,0.534321189,-0.0299821533,0.530074418,0.529230714,-0.0334549434,0.545529604,0.537114,-0.0167797431,0.537269,0.53691119,-0.0234311819,0.530513287,0.533020496,-0.0269095767,0.52496475,0.527998269,-0.0294533242,0.54086411,0.533517599,-0.0155856423,0.533416569,0.532753468,-0.0217495523,0.52765584,0.529035211,-0.0246058013,0.522821844,0.524426758,-0.026485607,,,,,,,,,,,,,,,,,,,,,,,,,,,,,,,,,,,,,,,,,
0.512724519,-0.0278773289,0.556006432,0.536654592,-0.0141050732,0.552018464,0.53222847,-0.0187821984,0.552541912,0.525687397,-0.02094757,0.553421617,0.519895256,-0.0228144694,0.549812734,0.536891758,-0.0125173442,0.545781374,0.532862246,-0.0165043287,0.545968235,0.527536035,-0.0171959307,0.546810329,0.522518694,-0.0178406518,0.544730365,0.53386873,-0.0116674211,0.540810406,0.531368732,-0.0151573289,0.539595604,0.527876139,-0.015723126,0.539388478,0.525043905,-0.0159130562,,,,,,,,,,,,,,,,,,,,,,,,,,,,,,,,,,,,,,,,,
0.532611072,-0.0477853678,0.554575086,0.538929,-0.0235942546,0.542978,0.543274641,-0.0329556651,0.533507288,0.536620677,-0.0384322144,0.526111245,0.526056528,-0.0422800258,0.546669841,0.541405261,-0.0195115805,0.534491777,0.54094106,-0.0285611935,0.526820183,0.531405032,-0.033868257,0.521385074,0.520504653,-0.0371077508,0.540594101,0.539647579,-0.0163006112,0.530746877,0.536050081,-0.0238995757,0.524362683,0.527510881,-0.0279265419,0.519785941,0.517717361,-0.0304350778,,,,,,,,,,,,,,,,,,,,,,,,,,,,,,,,,,,,,,,,,
0.531789541,-0.0421172492,0.551765263,0.542088509,-0.021816548,0.542599201,0.542230666,-0.0300583467,0.534982324,0.534277678,-0.0354740135,0.528983533,0.52527225,-0.0395492911,0.542895198,0.544934809,-0.0196977705,0.533639193,0.541881382,-0.0280234646,0.527344406,0.532152236,-0.0330581628,0.523251593,0.522127032,-0.0363520607,0.535761833,0.543187797,-0.0182866249,0.527926445,0.538075149,-0.0260021351,0.523333073,0.527656198,-0.0295649804,0.520711184,0.516947806,-0.0317707062,,,,,,,,,,,,,,,,,,,,,,,,,,,,,,,,,,,,,,,,,
0.526837826,-0.0344560929,0.555791318,0.543819666,-0.0168881509,0.543914676,0.541208327,-0.024757497,0.535237134,0.532827556,-0.0291994829,0.52901423,0.524036527,-0.0321499556,0.548140705,0.548734426,-0.0160623752,0.536250114,0.543685257,-0.0245324504,0.528579593,0.533656657,-0.0278831795,0.523886621,0.52361691,-0.0294389334,0.54141748,0.548321128,-0.0159011632,0.531102061,0.542130768,-0.024134716,0.524698138,0.532014728,-0.0269468892,0.520937562,0.522372425,-0.0279831365,,,,,,,,,,,,,,,,,,,,,,,,,,,,,,,,,,,,,,,,,
0.533537388,-0.0504357703,0.554617047,0.537978768,-0.0246916655,0.544365406,0.544127,-0.034238968,0.535167098,0.53883332,-0.039896585,0.52750504,0.529126763,-0.0440699793,0.546470702,0.540230155,-0.0204311758,0.534944,0.540556371,-0.0298239831,0.527251422,0.532062113,-0.0355055891,0.52177155,0.521816,-0.0391349122,0.54017067,0.538315415,-0.0170698669,0.530511379,0.535006166,-0.0252323393,0.524363756,0.526699364,-0.0296630301,0.520004332,0.517236352,-0.0324882045,,,,,,,,,,,,,,,,,,,,,,,,,,,,,,,,,,,,,,,,,
0.529190183,-0.038822256,0.551893711,0.54252553,-0.020159224,0.542781115,0.542489469,-0.0273681711,0.53576386,0.534895301,-0.0319708362,0.530537426,0.527717054,-0.0357552022,0.544083357,0.545896351,-0.0188192818,0.534495234,0.542992115,-0.0263362918,0.528021872,0.534099817,-0.030710971,0.523833632,0.525626123,-0.0337912701,0.53780514,0.544383645,-0.0181636009,0.529361248,0.538832724,-0.0252490118,0.524066508,0.529372334,-0.0284859184,0.520911872,0.520160317,-0.0306819938,,,,,,,,,,,,,,,,,,,,,,,,,,,,,,,,,,,,,,,,,
0.532767653,-0.0465764478,0.554888129,0.540414512,-0.0231070686,0.542572677,0.545446813,-0.0324094296,0.532996118,0.538583934,-0.038051784,0.525734901,0.528264105,-0.04201876,0.547028244,0.543217599,-0.0193084907,0.534745872,0.543903291,-0.0283271745,0.52675873,0.534304857,-0.0338802673,0.52141577,0.523298,-0.0372765958,0.540973723,0.541599333,-0.0163534544,0.530738115,0.538695097,-0.0239999797,0.52436918,0.529816508,-0.0281384159,0.520165682,0.519742131,-0.0307239275,,,,,,,,,,,,,,,,,,,,,,,,,,,,,,,,,,,,,,,,,
0.530193269,-0.041464597,0.55362916,0.541385829,-0.0211686213,0.543116093,0.545793176,-0.0296470113,0.534736872,0.537837803,-0.0349501893,0.528500557,0.528257489,-0.0386471339,0.545646966,0.545737267,-0.0190261137,0.534506142,0.545546949,-0.0277234334,0.527382,0.53488642,-0.0326799676,0.522934854,0.524002969,-0.0356090143,0.538969457,0.54504931,-0.0175519586,0.529288411,0.540841877,-0.0255804304,0.523869276,0.529971123,-0.0291867275,0.520926237,0.518870592,-0.0311553702,,,,,,,,,,,,,,,,,,,,,,,,,,,,,,,,,,,,,,,,,
0.526736319,-0.0369163826,0.556135237,0.542496622,-0.0186302699,0.544094205,0.542330384,-0.0273220818,0.534964859,0.533361673,-0.032002449,0.528283834,0.524905443,-0.0349468552,0.548949122,0.547454774,-0.0177902207,0.536741,0.546544075,-0.0263118893,0.528598905,0.536238194,-0.029768141,0.523249,0.526542604,-0.0312589109,0.542524576,0.548517227,-0.0175866764,0.532776952,0.547515,-0.0249990169,0.525960684,0.539090037,-0.0274552386,0.521515548,0.530649483,-0.0283761807,,,,,,,,,,,,,,,,,,,,,,,,,,,,,,,,,,,,,,,,,
0.525896609,-0.0399185866,0.560101092,0.544486,-0.0209229942,0.544623733,0.539196372,-0.0306539182,0.533960223,0.530670285,-0.0348670334,0.526262522,0.522572935,-0.037108887,0.552684188,0.55068177,-0.0195473842,0.53698051,0.542699039,-0.0290883575,0.527919352,0.531624198,-0.0313243605,0.522279203,0.522129297,-0.0315840803,0.545812845,0.551645,-0.0189868361,0.533126831,0.544908583,-0.0272816792,0.526110888,0.535133,-0.0290554445,0.521689236,0.526812136,-0.029003242,,,,,,,,,,,,,,,,,,,,,,,,,,,,,,,,,,,,,,,,,
0.531270742,-0.0463599786,0.554243565,0.539646864,-0.0232434236,0.544276118,0.542949796,-0.0318139978,0.536458254,0.536231875,-0.0371646732,0.529915035,0.527756393,-0.0413552634,0.546399653,0.542250514,-0.0199401,0.535758197,0.54069072,-0.0283876471,0.528190136,0.531873763,-0.0337664858,0.52297467,0.52257061,-0.0374869965,0.540133357,0.540219,-0.0174188353,0.530733764,0.535062611,-0.0246801507,0.525075734,0.526016176,-0.0285118986,0.521452725,0.516667068,-0.031130556,,,,,,,,,,,,,,,,,,,,,,,,,,,,,,,,,,,,,,,,,
0.532358587,-0.0415165611,0.555188,0.54083848,-0.0210474189,0.545945644,0.544326603,-0.0291250199,0.53840369,0.537809432,-0.034183979,0.532294929,0.530984282,-0.0380905159,0.547745764,0.544193387,-0.0189529583,0.537559271,0.544589,-0.0270236284,0.530320883,0.53691107,-0.0316866301,0.525174856,0.529535,-0.0348715931,0.541621208,0.542727053,-0.0175902713,0.532540798,0.540551484,-0.0249749757,0.526895404,0.532402635,-0.0284592807,0.523280919,0.524322867,-0.0307460148,,,,,,,,,,,,,,,,,,,,,,,,,,,,,,,,,,,,,,,,,
0.530579746,-0.0334563367,0.556589901,0.542159438,-0.0164726321,0.548340499,0.544481933,-0.0234566033,0.540856898,0.539875,-0.0274635628,0.534799278,0.533196807,-0.0302425716,0.549617648,0.545149267,-0.0153974174,0.540722549,0.545967877,-0.0223071892,0.533522666,0.540081322,-0.0255756117,0.528188527,0.532955527,-0.0273810234,0.543865383,0.543933928,-0.0149924038,0.535772502,0.542908549,-0.021548124,0.529356241,0.537422,-0.0241404045,0.524518847,0.53093195,-0.025376346,,,,,,,,,,,,,,,,,,,,,,,,,,,,,,,,,,,,,,,,,
0.533733964,-0.0463220403,0.554777145,0.542908072,-0.0232937541,0.5463413,0.546616256,-0.0318826959,0.539419651,0.540347517,-0.0372106768,0.533797145,0.531214356,-0.0413887203,0.546099305,0.545723617,-0.0204390232,0.535942852,0.544467449,-0.0291596353,0.528921187,0.53570354,-0.0346476808,0.524217069,0.525459588,-0.0383430049,0.538966179,0.543857634,-0.0183442086,0.529872298,0.539369643,-0.0259443671,0.524705946,0.530558169,-0.0298548043,0.521327198,0.520565212,-0.032497324,,,,,,,,,,,,,,,,,,,,,,,,,,,,,,,,,,,,,,,,,
0.534178674,-0.0423397608,0.553602755,0.542806327,-0.0220134575,0.548418343,0.543418646,-0.0298845638,0.542883635,0.53737551,-0.0346342437,0.538009584,0.530460536,-0.038345553,0.544994771,0.545879781,-0.0205411762,0.537834525,0.54279542,-0.0283411704,0.531526387,0.535435379,-0.0328571871,0.526843,0.527401149,-0.0358956344,0.537389,0.544299483,-0.0197682269,0.52980423,0.539068878,-0.0267104413,0.524748623,0.530663252,-0.0298136659,0.521043599,0.52175647,-0.0318571329,,,,,,,,,,,,,,,,,,,,,,,,,,,,,,,,,,,,,,,,,
0.532965541,-0.0454834737,0.554459572,0.541090548,-0.0223463,0.545452118,0.54420352,-0.0304472614,0.537677824,0.537858784,-0.0354744419,0.53063941,0.529992282,-0.0395999551,0.546298802,0.543815911,-0.0191852394,0.536545873,0.542347133,-0.027566852,0.529040277,0.534459412,-0.0328624733,0.52351588,0.526120782,-0.0365542024,0.539617419,0.542231143,-0.0168236792,0.530727804,0.537689,-0.0241696872,0.524957657,0.528932691,-0.0280157402,0.520935595,0.520019114,-0.0306583196,,,,,,,,,,,,,,,,,,,,,,,,,,,,,,,,,,,,,,,,,
0.528333783,-0.0338380374,0.554005325,0.535874665,-0.0188082214,0.548399746,0.539040864,-0.0248520654,0.542033434,0.534740746,-0.0280812308,0.537221968,0.529054701,-0.0308296718,0.546824872,0.536425233,-0.0174855795,0.539639056,0.537173748,-0.0235112645,0.532637596,0.532229364,-0.0267039109,0.527661741,0.52631855,-0.0290680341,0.541505277,0.532819688,-0.0167487748,0.534162581,0.530988872,-0.0227605291,0.528343916,0.525594831,-0.0254307184,0.524073839,0.519292831,-0.0271666739,,,,,,,,,,,,,,,,,,,,,,,,,,,,,,,,,,,,,,,,,
0.526585221,-0.0363093838,0.561328888,0.5408324,-0.0169908665,0.54699868,0.539254785,-0.0247519016,0.536392927,0.534636617,-0.0289707165,0.528640747,0.52813977,-0.0318725109,0.554980218,0.544256568,-0.0155649558,0.541914,0.542323172,-0.0226515401,0.532855,0.537277281,-0.0253977738,0.526683211,0.530685902,-0.0268014409,0.549491227,0.543547094,-0.0149504738,0.539577842,0.542935133,-0.0214527305,0.531855762,0.538825154,-0.0236405358,0.526224375,0.533258557,-0.0244050324,,,,,,,,,,,,,,,,,,,,,,,,,,,,,,,,,,,,,,,,,
0.5307495,-0.0452968888,0.555137753,0.538931489,-0.0223761927,0.544137061,0.541814625,-0.0313712806,0.534656227,0.534098744,-0.0369799621,0.527148247,0.524685919,-0.0411221571,0.547149777,0.541906357,-0.0193461496,0.535996318,0.541423261,-0.0279044807,0.527598858,0.532749832,-0.0329753719,0.521559417,0.523271,-0.0362828672,0.540692747,0.540549815,-0.0171131715,0.531239569,0.537527621,-0.024496885,0.524761736,0.52948755,-0.0281532817,0.520151913,0.520575345,-0.0304751843,,,,,,,,,,,,,,,,,,,,,,,,,,,,,,,,,,,,,,,,,
0.527946055,-0.0384727,0.554163754,0.5383448,-0.0194093343,0.545143485,0.541194856,-0.0272732303,0.537449121,0.536158323,-0.0323839039,0.531135678,0.529757738,-0.036140915,0.547184646,0.541760147,-0.0175899602,0.537662625,0.542888939,-0.0251660906,0.530519485,0.536729276,-0.0297474246,0.525092781,0.529162645,-0.0326384231,0.541627169,0.541216969,-0.0164621267,0.533378124,0.541343212,-0.0233978257,0.527284384,0.535750151,-0.0268269647,0.522840798,0.52853626,-0.028911043,,,,,,,,,,,,,,,,,,,,,,,,,,,,,,,,,,,,,,,,,
0.525816917,-0.032342907,0.556249797,0.539548576,-0.0161553286,0.547421753,0.539972842,-0.0220796801,0.539989769,0.537098169,-0.0254578497,0.534246445,0.532531261,-0.0282203816,0.550302327,0.541857898,-0.0148196509,0.541475356,0.542597592,-0.0203851089,0.534498692,0.539470732,-0.0230585802,0.529312968,0.534932554,-0.0248604398,0.545455337,0.540436089,-0.0141625041,0.538042247,0.541792691,-0.0194396973,0.531893432,0.539472699,-0.0214630533,0.527138352,0.535819173,-0.022548262,,,,,,,,,,,,,,,,,,,,,,,,,,,,,,,,,,,,,,,,,
0.532055,-0.0459186472,0.552888453,0.536366105,-0.0233141594,0.542168617,0.540926337,-0.0317018218,0.533659637,0.535849035,-0.0365169346,0.526669383,0.528408,-0.0403633229,0.545786,0.538103402,-0.0198098328,0.534572423,0.537749887,-0.0279377867,0.526893854,0.530830443,-0.0328366384,0.521160126,0.523207784,-0.0363075733,0.540817916,0.535810113,-0.0170869306,0.531354368,0.531980336,-0.0240768548,0.524838626,0.525149405,-0.0278257094,0.519867063,0.51762259,-0.0304739717,,,,,,,,,,,,,,,,,,,,,,,,,,,,,,,,,,,,,,,,,
0.527877152,-0.0416938514,0.553306162,0.53421092,-0.0219981354,0.546142399,0.538312495,-0.029199535,0.539341748,0.53433609,-0.033203844,0.53329879,0.528840542,-0.0368691161,0.546455622,0.536868513,-0.0189434718,0.538077474,0.536672771,-0.0263471622,0.530623734,0.531569839,-0.0306090284,0.524926186,0.525664628,-0.0339675285,0.541448295,0.535327792,-0.0165918954,0.533063829,0.531487286,-0.0233546738,0.526867,0.525707781,-0.0267659519,0.521999717,0.519704521,-0.0293000657,,,,,,,,,,,,,,,,,,,,,,,,,,,,,,,,,,,,,,,,,
0.529856801,-0.0371138453,0.553441048,0.535240352,-0.0188302286,0.545592487,0.537889421,-0.025556827,0.538074374,0.534758925,-0.0300971493,0.531453431,0.530153811,-0.0339179486,0.546948195,0.535415649,-0.0171762165,0.538064897,0.535628796,-0.0238228701,0.530616224,0.531705558,-0.0283046756,0.524648786,0.526810527,-0.0316038169,0.542550147,0.531364143,-0.0161593966,0.534541488,0.529907525,-0.022282362,0.528376162,0.525630355,-0.0255978573,0.523243189,0.520332694,-0.0279746111,,,,,,,,,,,,,,,,,,,,,,,,,,,,,,,,,,,,,,,,,
0.527178407,-0.0271809418,0.554517329,0.526391923,-0.01306279,0.550167263,0.532832742,-0.0172527023,0.546481192,0.535276473,-0.0199011285,0.543099463,0.536033154,-0.0223206654,0.548910141,0.526497,-0.0116962409,0.543851793,0.53152585,-0.0152024012,0.54028374,0.533213496,-0.0167216193,0.537004411,0.534165442,-0.018112015,0.544600189,0.52425456,-0.0109784873,0.539910138,0.52850759,-0.0137942005,0.536760032,0.530778944,-0.0146239055,0.533958137,0.532512963,-0.0152959637,,,,,,,,,,,,,,,,,,,,,,,,,,,,,,,,,,,,,,,,,
0.530713677,-0.04947339,0.556043088,0.537606955,-0.024148697,0.546584189,0.543819,-0.0329987183,0.537757158,0.538643539,-0.0381319337,0.530094147,0.529060602,-0.0422540419,0.547183514,0.540673375,-0.0208546147,0.536548,0.541803181,-0.0294906553,0.528432965,0.534373641,-0.0346004367,0.522162914,0.524616599,-0.03818243,0.539730847,0.539500654,-0.0183647312,0.531382561,0.537234128,-0.0254638065,0.525062561,0.530104935,-0.0290668253,0.519971251,0.521595299,-0.0316212438,,,,,,,,,,,,,,,,,,,,,,,,,,,,,,,,,,,,,,,,,
0.521230876,-0.0418273211,0.553482652,0.541230321,-0.0230555888,0.544960797,0.538445234,-0.0300878305,0.537084103,0.529709935,-0.0341822356,0.531359792,0.52160579,-0.0380707346,0.544783294,0.544310212,-0.021270806,0.535777,0.538877249,-0.0287242271,0.527923286,0.529251337,-0.0326890163,0.522874653,0.520680845,-0.0359331146,0.537723184,0.542585313,-0.0201597605,0.529596031,0.535764873,-0.0272512473,0.52390945,0.526133716,-0.0301258657,0.520536959,0.517023802,-0.0323445499,,,,,,,,,,,,,,,,,,,,,,,,,,,,,,,,,,,,,,,,,
0.525120199,-0.0460774973,0.554534197,0.538827777,-0.0231967401,0.543254137,0.540554821,-0.0317652375,0.533484757,0.53367126,-0.0360620022,0.525666893,0.525953591,-0.0394678377,0.549994588,0.544389784,-0.0197716467,0.539064646,0.542556226,-0.0275979489,0.529966533,0.53507024,-0.0313103274,0.523131132,0.527479708,-0.0338678956,0.546740294,0.546393216,-0.0171741266,0.537632704,0.543854594,-0.0230040606,0.530395389,0.53817153,-0.0254647974,0.524719656,0.532171667,-0.0273734871,,,,,,,,,,,,,,,,,,,,,,,,,,,,,,,,,,,,,,,,,
0.526968896,-0.046117086,0.555992305,0.537552297,-0.023502,0.545632422,0.539546192,-0.031435892,0.536105931,0.533055365,-0.0357721746,0.528367579,0.524235427,-0.039471712,0.548007369,0.541747868,-0.0205482803,0.537035584,0.540504456,-0.0282878056,0.52804631,0.532449365,-0.0325071625,0.521071613,0.52319175,-0.0355447084,0.541028082,0.541761398,-0.018363554,0.532310247,0.538584,-0.0243927855,0.525351763,0.531030178,-0.0269647408,0.519765258,0.522596955,-0.0289994124,,,,,,,,,,,,,,,,,,,,,,,,,,,,,,,,,,,,,,,,,
0.515496492,-0.0381328352,0.556147754,0.536972106,-0.0199227259,0.543380201,0.532884061,-0.0279341284,0.533806086,0.523599446,-0.0320587084,0.526803,0.515153646,-0.0349502228,0.548217297,0.543332934,-0.0186054818,0.535927832,0.538600624,-0.0264564417,0.528158486,0.527735054,-0.0294139385,0.523075879,0.517810106,-0.0308333226,0.540929914,0.545847774,-0.0179912299,0.531724453,0.542499065,-0.0243914314,0.525671721,0.533201098,-0.0261362232,0.521751165,0.524123132,-0.0268466789,,,,,,,,,,,,,,,,,,,,,,,,,,,,,,,,,,,,,,,,,
